1	один	один	NUM	_	Case=Nom|Gender=Masc	_	_	_	@mn1985m-words#@mn1985m#281.689#281.971
2	на	на	ADP	_	_	_	_	_	@mn1985m-words#@mn1985m#281.971#282.253
3	страну	страна	NOUN	_	Animacy=Inan|Case=Acc|Gender=Fem|Number=Sing	_	_	_	@mn1985m-words#@mn1985m#282.535#282.817
4	восемьдесят	восемьдесить	VERB	_	Aspect=Imp|Mood=Ind|Number=Plur|Person=3|Tense=Pres|VerbForm=Fin|Voice=Act	_	_	_	@mn1985m-words#@mn1985m#282.817#283.099
5	девять	девять	NUM	_	Case=Nom	_	_	_	@mn1985m-words#@mn1985m#283.099#283.381
6	и	и	CCONJ	_	_	_	_	_	@mn1985m-words#@mn1985m#283.381#283.663
7	девять	девять	NUM	_	Case=Nom	_	_	_	@mn1985m-words#@mn1985m#283.663#283.945
8	в	в	ADP	_	_	_	_	_	@mn1985m-words#@mn1985m#283.945#284.227
9	Москве	Москва	PROPN	_	Animacy=Inan|Case=Loc|Gender=Fem|Number=Sing	_	_	_	@mn1985m-words#@mn1985m#284.227#284.509
10	сто	сто	NUM	_	Case=Acc	_	_	_	@mn1985m-words#@mn1985m#284.509#284.791
11	два	два	NUM	_	Animacy=Inan|Case=Acc|Gender=Masc	_	_	_	@mn1985m-words#@mn1985m#284.791#285.073
12	ноль	нуль	NOUN	_	Animacy=Inan|Case=Acc|Gender=Masc|Number=Sing	_	_	_	@mn1985m-words#@mn1985m#285.073#285.355
13	в	в	ADP	_	_	_	_	_	@mn1985m-words#@mn1985m#285.355#285.637
14	Санкт-Петербурге	Санкт-Петербург	PROPN	_	Animacy=Inan|Case=Loc|Gender=Masc|Number=Sing	_	_	_	@mn1985m-words#@mn1985m#285.637#285.919
15	семьсот	семьсот	NUM	_	Case=Nom	_	_	_	@mn1985m-words#@mn1985m#285.919#286.201
16	сорок	сорок	NUM	_	Case=Nom	_	_	_	@mn1985m-words#@mn1985m#286.201#286.483
17	второй/	второй/	PUNCT	_	_	_	_	_	@mn1985m-words#@mn1985m#286.483#286.765
18	кто?	кто?	SYM	_	_	_	_	_	@mn1985m-words#@mn1985m#286.765#287.047
19	канал?	канал?	SYM	_	_	_	_	_	@mn1985m-words#@mn1985m#287.047#287.329
20	правильно	правильно	ADV	_	Degree=Pos	_	_	_	@mn1985m-words#@mn1985m#287.329#287.611
21	канал	канал	NOUN	_	Animacy=Inan|Case=Nom|Gender=Masc|Number=Sing	_	_	_	@mn1985m-words#@mn1985m#287.611#287.893
22	в	в	ADP	_	_	_	_	_	@mn1985m-words#@mn1985m#287.893#288.175
23	триколоре	триколор	NOUN	_	Animacy=Inan|Case=Loc|Gender=Masc|Number=Sing	_	_	_	@mn1985m-words#@mn1985m#288.175#288.457
24	трансляция	трансляция	NOUN	_	Animacy=Inan|Case=Nom|Gender=Fem|Number=Sing	_	_	_	@mn1985m-words#@mn1985m#288.457#288.739
25	прямая	прямой	ADJ	_	Case=Nom|Degree=Pos|Gender=Fem|Number=Sing	_	_	_	@mn1985m-words#@mn1985m#288.739#289.021
26	страна	страна	NOUN	_	Animacy=Inan|Case=Nom|Gender=Fem|Number=Sing	_	_	_	@mn1985m-words#@mn1985m#289.021#289.303
27	точка	точка	NOUN	_	Animacy=Inan|Case=Gen|Gender=Masc|Number=Sing	_	_	_	@mn1985m-words#@mn1985m#289.303#289.585
28	фм	ф	ADJ	_	Case=Ins|Degree=Pos|Gender=Masc|Number=Sing	_	_	_	@mn1985m-words#@mn1985m#289.585#289.867
29	а	а	CCONJ	_	_	_	_	_	@mn1985m-words#@mn1985m#289.867#290.149
30	епще	епще	ADV	_	Degree=Cmp	_	_	_	@mn1985m-words#@mn1985m#290.149#290.431
31	мы	мы	PRON	_	Case=Nom|Number=Plur|Person=1	_	_	_	@mn1985m-words#@mn1985m#290.431#290.713
32	есть	быть	AUX	_	Aspect=Imp|Mood=Ind|Number=Sing|Person=3|Tense=Pres|VerbForm=Fin|Voice=Act	_	_	_	@mn1985m-words#@mn1985m#290.713#290.995
33	в	в	ADP	_	_	_	_	_	@mn1985m-words#@mn1985m#290.995#291.277
34	Яндекс-эфире	Яндекс-эфир	PROPN	_	Animacy=Inan|Case=Loc|Gender=Masc|Number=Sing	_	_	_	@mn1985m-words#@mn1985m#291.277#291.559
35	и/	и/	PUNCT	_	_	_	_	_	@mn1985m-words#@mn1985m#291.559#291.841
36	друзья	друг	NOUN	_	Animacy=Anim|Case=Nom|Gender=Masc|Number=Plur	_	_	_	@mn1985m-words#@mn1985m#291.841#292.123
37	мои/	мои/	PUNCT	_	_	_	_	_	@mn1985m-words#@mn1985m#292.123#292.405
38	у	у	ADP	_	_	_	_	_	@mn1985m-words#@mn1985m#292.405#292.687
39	нас	мы	PRON	_	Case=Gen|Number=Plur|Person=1	_	_	_	@mn1985m-words#@mn1985m#292.687#292.969
40	сегодня	сегодня	ADV	_	Degree=Pos	_	_	_	@mn1985m-words#@mn1985m#292.969#293.251
41	Алина	Алина	PROPN	_	Animacy=Inan|Case=Nom|Gender=Fem|Number=Sing	_	_	_	@mn1985m-words#@mn1985m#293.251#293.533
42	Гросу	Грос	PROPN	_	Animacy=Anim|Case=Dat|Gender=Masc|Number=Sing	_	_	_	@mn1985m-words#@mn1985m#293.533#293.815
43	в	в	ADP	_	_	_	_	_	@mn1985m-words#@mn1985m#293.815#294.097
44	гостях/	гостях/	PUNCT	_	_	_	_	_	@mn1985m-words#@mn1985m#294.097#294.379
45	не	не	PART	_	_	_	_	_	@mn1985m-words#@mn1985m#294.379#294.661
46	просто	просто	PART	_	_	_	_	_	@mn1985m-words#@mn1985m#294.661#294.943
47	так	так	ADV	_	Degree=Pos	_	_	_	@mn1985m-words#@mn1985m#294.943#295.225
48	[нрзб]	[нрзб]	PUNCT	_	_	_	_	_	@mn1985m-words#@mn1985m#295.225#295.517
49	подожди/	подожди/	PUNCT	_	_	_	_	_	@mn1985m-words#@mn1985m#295.92#296.288
50	тут	тут	ADV	_	Degree=Pos	_	_	_	@mn1985m-words#@mn1985m#296.288#296.656
51	был	быть	AUX	_	Aspect=Imp|Gender=Masc|Mood=Ind|Number=Sing|Tense=Past|VerbForm=Fin|Voice=Act	_	_	_	@mn1985m-words#@mn1985m#296.656#297.024
52	твой	твой	DET	_	Case=Nom|Gender=Masc|Number=Sing	_	_	_	@mn1985m-words#@mn1985m#297.024#297.392
53	каминаут/	каминаут/	PUNCT	_	_	_	_	_	@mn1985m-words#@mn1985m#297.392#297.76
54	щас	щы	NOUN	_	Animacy=Inan|Case=Nom|Gender=Masc|Number=Sing	_	_	_	@mn1985m-words#@mn1985m#297.76#298.128
55	будет	быть	AUX	_	Aspect=Imp|Mood=Ind|Number=Sing|Person=3|Tense=Pres|VerbForm=Fin|Voice=Act	_	_	_	@mn1985m-words#@mn1985m#298.128#298.496
56	мой	мой	DET	_	Case=Nom|Gender=Masc|Number=Sing	_	_	_	@mn1985m-words#@mn1985m#298.496#298.864
57	каминаут	каминауть	VERB	_	Aspect=Perf|Gender=Masc|Number=Sing|Tense=Past|Variant=Short|VerbForm=Part|Voice=Pass	_	_	_	@mn1985m-words#@mn1985m#298.864#299.24
58	уф	уф	NOUN	_	Animacy=Inan|Case=Nom|Gender=Masc|Number=Sing	_	_	_	@mn1985m-words#@mn1985m#300.0#300.277
59	сегодня/	сегодня/	PUNCT	_	_	_	_	_	@mn1985m-words#@mn1985m#300.277#300.554
60	вечер	вечер	NOUN	_	Animacy=Inan|Case=Nom|Gender=Masc|Number=Sing	_	_	_	@mn1985m-words#@mn1985m#300.554#300.831
61	приза..	приза..	PROPN	_	Animacy=Anim|Case=Gen|Gender=Masc|Number=Sing	_	_	_	@mn1985m-words#@mn1985m#300.831#301.108
62	у	у	ADP	_	_	_	_	_	@mn1985m-words#@mn1985m#301.108#301.385
63	меня	я	PRON	_	Case=Gen|Number=Sing|Person=1	_	_	_	@mn1985m-words#@mn1985m#301.385#301.662
64	не	не	PART	_	_	_	_	_	@mn1985m-words#@mn1985m#301.662#301.939
65	ну	ну	PART	_	_	_	_	_	@mn1985m-words#@mn1985m#301.939#302.216
66	в	в	ADP	_	_	_	_	_	@mn1985m-words#@mn1985m#302.216#302.493
67	детстве	детство	NOUN	_	Animacy=Inan|Case=Loc|Gender=Neut|Number=Sing	_	_	_	@mn1985m-words#@mn1985m#302.493#302.77
68	как	как	SCONJ	_	_	_	_	_	@mn1985m-words#@mn1985m#302.77#303.047
69	[нрзб]	[нрзб]	PUNCT	_	_	_	_	_	@mn1985m-words#@mn1985m#303.047#303.324
70	неделю	неделя	NOUN	_	Animacy=Inan|Case=Acc|Gender=Fem|Number=Sing	_	_	_	@mn1985m-words#@mn1985m#303.324#303.601
71	назад	назад	ADV	_	Degree=Pos	_	_	_	@mn1985m-words#@mn1985m#303.601#303.878
72	считается	считаться	VERB	_	Aspect=Imp|Mood=Ind|Number=Sing|Person=3|Tense=Pres|VerbForm=Fin|Voice=Pass	_	_	_	@mn1985m-words#@mn1985m#303.878#304.155
73	в	в	ADP	_	_	_	_	_	@mn1985m-words#@mn1985m#304.155#304.432
74	детстве?	детстве?	SYM	_	_	_	_	_	@mn1985m-words#@mn1985m#304.432#304.709
75	подходит	подходить	VERB	_	Aspect=Imp|Mood=Ind|Number=Sing|Person=3|Tense=Pres|VerbForm=Fin|Voice=Act	_	_	_	@mn1985m-words#@mn1985m#304.709#304.986
76	ко	к	ADP	_	_	_	_	_	@mn1985m-words#@mn1985m#304.986#305.263
77	мне	я	PRON	_	Case=Dat|Number=Sing|Person=1	_	_	_	@mn1985m-words#@mn1985m#305.263#305.54
78	Лиза/	лиза/	PUNCT	_	_	_	_	_	@mn1985m-words#@mn1985m#305.54#305.817
79	вот	вот	PART	_	_	_	_	_	@mn1985m-words#@mn1985m#305.817#306.094
80	там	там	ADV	_	Degree=Pos	_	_	_	@mn1985m-words#@mn1985m#306.094#306.371
81	в	в	ADP	_	_	_	_	_	@mn1985m-words#@mn1985m#306.371#306.648
82	гримерке	гримерка	NOUN	_	Animacy=Inan|Case=Loc|Gender=Fem|Number=Sing	_	_	_	@mn1985m-words#@mn1985m#306.648#306.925
83	говорит	говорить	VERB	_	Aspect=Imp|Mood=Ind|Number=Sing|Person=3|Tense=Pres|VerbForm=Fin|Voice=Act	_	_	_	@mn1985m-words#@mn1985m#306.925#307.202
84	а	а	CCONJ	_	_	_	_	_	@mn1985m-words#@mn1985m#307.202#307.479
85	ты	ты	PRON	_	Case=Nom|Number=Sing|Person=2	_	_	_	@mn1985m-words#@mn1985m#307.479#307.756
86	знаешь	знать	VERB	_	Aspect=Imp|Mood=Ind|Number=Sing|Person=2|Tense=Pres|VerbForm=Fin|Voice=Act	_	_	_	@mn1985m-words#@mn1985m#307.756#308.033
87	кто	кто	PRON	_	Case=Nom	_	_	_	@mn1985m-words#@mn1985m#308.033#308.31
88	придет	прийти	VERB	_	Aspect=Perf|Mood=Ind|Number=Sing|Person=3|Tense=Fut|VerbForm=Fin|Voice=Act	_	_	_	@mn1985m-words#@mn1985m#308.31#308.587
89	через	через	ADP	_	_	_	_	_	@mn1985m-words#@mn1985m#308.587#308.864
90	неделю?	неделю?	SYM	_	_	_	_	_	@mn1985m-words#@mn1985m#308.864#309.141
91	я	я	PRON	_	Case=Nom|Number=Sing|Person=1	_	_	_	@mn1985m-words#@mn1985m#309.141#309.418
92	говорю	говорить	VERB	_	Aspect=Imp|Mood=Ind|Number=Sing|Person=1|Tense=Pres|VerbForm=Fin|Voice=Act	_	_	_	@mn1985m-words#@mn1985m#309.418#309.695
93	да	да	PART	_	_	_	_	_	@mn1985m-words#@mn1985m#309.695#309.972
94	кто?	кто?	PUNCT	_	_	_	_	_	@mn1985m-words#@mn1985m#309.972#310.249
95	она	она	PRON	_	Case=Nom|Gender=Fem|Number=Sing|Person=3	_	_	_	@mn1985m-words#@mn1985m#310.249#310.526
96	говорит	говорить	VERB	_	Aspect=Imp|Mood=Ind|Number=Sing|Person=3|Tense=Pres|VerbForm=Fin|Voice=Act	_	_	_	@mn1985m-words#@mn1985m#310.526#310.803
97	да/	да/	PUNCT	_	_	_	_	_	@mn1985m-words#@mn1985m#310.803#311.08
98	ты	ты	PRON	_	Case=Nom|Number=Sing|Person=2	_	_	_	@mn1985m-words#@mn1985m#311.08#311.357
99	угадай	угадать	PART	_	_	_	_	_	@mn1985m-words#@mn1985m#311.357#311.634
100	вот	вот	PART	_	_	_	_	_	@mn1985m-words#@mn1985m#311.634#311.911
101	ты	ты	PRON	_	Case=Nom|Number=Sing|Person=2	_	_	_	@mn1985m-words#@mn1985m#311.911#312.188
102	кого/	кого/	PUNCT	_	_	_	_	_	@mn1985m-words#@mn1985m#312.188#312.465
103	хотел	хотеть	VERB	_	Aspect=Imp|Gender=Masc|Mood=Ind|Number=Sing|Tense=Past|VerbForm=Fin|Voice=Act	_	_	_	@mn1985m-words#@mn1985m#312.465#312.742
104	здесь	здесь	ADV	_	Degree=Pos	_	_	_	@mn1985m-words#@mn1985m#312.742#313.019
105	увидеть?	увидеть?	PUNCT	_	_	_	_	_	@mn1985m-words#@mn1985m#313.019#313.296
106	неужели	неужели	PART	_	_	_	_	_	@mn1985m-words#@mn1985m#313.296#313.573
107	Филипп	Филипп	PROPN	_	Animacy=Anim|Case=Nom|Gender=Masc|Number=Sing	_	_	_	@mn1985m-words#@mn1985m#313.573#313.85
108	Бедросовича?	Бедросовича?	PUNCT	_	_	_	_	_	@mn1985m-words#@mn1985m#313.85#314.127
109	она	она	PRON	_	Case=Nom|Gender=Fem|Number=Sing|Person=3	_	_	_	@mn1985m-words#@mn1985m#314.127#314.404
110	говорит	говорить	VERB	_	Aspect=Imp|Mood=Ind|Number=Sing|Person=3|Tense=Pres|VerbForm=Fin|Voice=Act	_	_	_	@mn1985m-words#@mn1985m#314.404#314.681
111	нет/	нет/	PUNCT	_	_	_	_	_	@mn1985m-words#@mn1985m#314.681#314.958
112	еще	еще	ADV	_	Degree=Pos	_	_	_	@mn1985m-words#@mn1985m#314.958#315.235
113	лучше/	лучше/	PUNCT	_	_	_	_	_	@mn1985m-words#@mn1985m#315.235#315.512
114	я	я	PRON	_	Case=Nom|Number=Sing|Person=1	_	_	_	@mn1985m-words#@mn1985m#315.512#315.789
115	говорю	говорить	VERB	_	Aspect=Imp|Mood=Ind|Number=Sing|Person=1|Tense=Pres|VerbForm=Fin|Voice=Act	_	_	_	@mn1985m-words#@mn1985m#315.789#316.066
116	кто?	кто?	PUNCT	_	_	_	_	_	@mn1985m-words#@mn1985m#316.066#316.343
117	Алина	Алина	PROPN	_	_	_	_	_	@mn1985m-words#@mn1985m#316.343#316.62
118	Гросу	Грос	PROPN	_	Animacy=Anim|Case=Dat|Gender=Masc|Number=Sing	_	_	_	@mn1985m-words#@mn1985m#316.62#316.897
119	будет	быть	AUX	_	Aspect=Imp|Mood=Ind|Number=Sing|Person=3|Tense=Pres|VerbForm=Fin|Voice=Act	_	_	_	@mn1985m-words#@mn1985m#316.897#317.174
120	я	я	PRON	_	Case=Nom|Number=Sing|Person=1	_	_	_	@mn1985m-words#@mn1985m#317.174#317.451
121	грю	грь	VERB	_	Aspect=Imp|Mood=Ind|Number=Sing|Person=1|Tense=Pres|VerbForm=Fin|Voice=Act	_	_	_	@mn1985m-words#@mn1985m#317.451#317.728
122	серьезнго	серьезнй	ADJ	_	Case=Gen|Degree=Pos|Gender=Neut|Number=Sing	_	_	_	@mn1985m-words#@mn1985m#317.728#318.005
123	я	я	PRON	_	Case=Nom|Number=Sing|Person=1	_	_	_	@mn1985m-words#@mn1985m#318.005#318.282
124	так	так	ADV	_	Degree=Pos	_	_	_	@mn1985m-words#@mn1985m#318.282#318.559
125	обрадовался	обрадоваться	VERB	_	Aspect=Perf|Gender=Masc|Mood=Ind|Number=Sing|Tense=Past|VerbForm=Fin|Voice=Mid	_	_	_	@mn1985m-words#@mn1985m#318.559#318.836
126	правда/	правда/	PUNCT	_	_	_	_	_	@mn1985m-words#@mn1985m#318.836#319.113
127	а	а	CCONJ	_	_	_	_	_	@mn1985m-words#@mn1985m#319.113#319.39
128	потом	потом	ADV	_	Degree=Pos	_	_	_	@mn1985m-words#@mn1985m#319.39#319.667
129	начал	начать	VERB	_	Aspect=Perf|Gender=Masc|Mood=Ind|Number=Sing|Tense=Past|VerbForm=Fin|Voice=Act	_	_	_	@mn1985m-words#@mn1985m#319.667#319.944
130	готовиться	готовиться	VERB	_	Aspect=Imp|VerbForm=Inf|Voice=Mid	_	_	_	@mn1985m-words#@mn1985m#319.944#320.221
131	к	к	ADP	_	_	_	_	_	@mn1985m-words#@mn1985m#320.221#320.498
132	эфиру	эфир	NOUN	_	Animacy=Inan|Case=Dat|Gender=Masc|Number=Sing	_	_	_	@mn1985m-words#@mn1985m#320.498#320.775
133	и	и	CCONJ	_	_	_	_	_	@mn1985m-words#@mn1985m#320.775#321.052
134	узнал	узнать	VERB	_	Aspect=Perf|Gender=Masc|Mood=Ind|Number=Sing|Tense=Past|VerbForm=Fin|Voice=Act	_	_	_	@mn1985m-words#@mn1985m#321.052#321.329
135	что	что	PRON	_	Case=Acc	_	_	_	@mn1985m-words#@mn1985m#321.329#321.606
136	Вы/	вы/	PUNCT	_	_	_	_	_	@mn1985m-words#@mn1985m#321.606#321.883
137	вышли	выйти	VERB	_	Aspect=Perf|Mood=Ind|Number=Plur|Tense=Past|VerbForm=Fin|Voice=Act	_	_	_	@mn1985m-words#@mn1985m#321.883#322.16
138	замуж	замуж	ADV	_	Degree=Pos	_	_	_	@mn1985m-words#@mn1985m#322.16#322.444
139	я	я	PRON	_	Case=Nom|Number=Sing|Person=1	_	_	_	@mn1985m-words#@mn1985m#323.61#324.054
140	Вас...	Вас...	PROPN	_	Animacy=Anim|Case=Nom|Gender=Masc|Number=Sing	_	_	_	@mn1985m-words#@mn1985m#324.054#324.498
141	я	я	PRON	_	Case=Nom|Number=Sing|Person=1	_	_	_	@mn1985m-words#@mn1985m#324.498#324.942
142	Вас	вы	PRON	_	Case=Acc|Number=Plur|Person=2	_	_	_	@mn1985m-words#@mn1985m#324.942#325.386
143	очень	очень	ADV	_	Degree=Pos	_	_	_	@mn1985m-words#@mn1985m#325.386#325.83
144	поздравляю	поздравлять	VERB	_	Aspect=Imp|Mood=Ind|Number=Sing|Person=1|Tense=Pres|VerbForm=Fin|Voice=Act	_	_	_	@mn1985m-words#@mn1985m#325.83#326.274
145	а	а	CCONJ	_	_	_	_	_	@mn1985m-words#@mn1985m#328.788#329.011
146	нет	нет	VERB	_	Aspect=Imp|Mood=Ind|Number=Sing|Person=3|Tense=Pres|VerbForm=Fin|Voice=Act	_	_	_	@mn1985m-words#@mn1985m#329.011#329.234
147	вопросов	вопрос	NOUN	_	Animacy=Inan|Case=Gen|Gender=Masc|Number=Plur	_	_	_	@mn1985m-words#@mn1985m#329.234#329.459
148	вот/	вот/	PUNCT	_	_	_	_	_	@mn1985m-words#@mn1985m#331.121#331.366
149	понима.../	понима.../	PUNCT	_	_	_	_	_	@mn1985m-words#@mn1985m#331.366#331.611
150	я	я	PRON	_	Case=Nom|Number=Sing|Person=1	_	_	_	@mn1985m-words#@mn1985m#331.611#331.856
151	те	тот	DET	_	Case=Nom|Number=Plur	_	_	_	@mn1985m-words#@mn1985m#331.856#332.101
152	так	так	ADV	_	Degree=Pos	_	_	_	@mn1985m-words#@mn1985m#332.101#332.346
153	скажу/	скажу/	PUNCT	_	_	_	_	_	@mn1985m-words#@mn1985m#332.346#332.591
154	Алина	Алина	PROPN	_	Animacy=Inan|Case=Nom|Gender=Fem|Number=Sing	_	_	_	@mn1985m-words#@mn1985m#332.591#332.836
155	а	а	CCONJ	_	_	_	_	_	@mn1985m-words#@mn1985m#332.836#333.081
156	вышла/	вышла/	PUNCT	_	_	_	_	_	@mn1985m-words#@mn1985m#333.081#333.326
157	замуж	замуж	ADV	_	Degree=Pos	_	_	_	@mn1985m-words#@mn1985m#333.326#333.571
158	и	и	PART	_	_	_	_	_	@mn1985m-words#@mn1985m#333.571#333.816
159	вопросов	вопрос	NOUN	_	Animacy=Inan|Case=Gen|Gender=Masc|Number=Plur	_	_	_	@mn1985m-words#@mn1985m#333.816#334.061
160	больше	больше	ADV	_	Degree=Cmp	_	_	_	@mn1985m-words#@mn1985m#334.061#334.306
161	нет	нет	VERB	_	Aspect=Imp|Mood=Ind|Number=Sing|Person=3|Tense=Pres|VerbForm=Fin|Voice=Act	_	_	_	@mn1985m-words#@mn1985m#334.306#334.551
162	понимаешь?	понимаешь?	SYM	_	_	_	_	_	@mn1985m-words#@mn1985m#334.551#334.798
163	у	у	ADP	_	_	_	_	_	@mn1985m-words#@mn1985m#336.595#336.868
164	мужчин	мужчина	NOUN	_	Animacy=Anim|Case=Gen|Gender=Masc|Number=Plur	_	_	_	@mn1985m-words#@mn1985m#336.868#337.141
165	так	так	ADV	_	Degree=Pos	_	_	_	@mn1985m-words#@mn1985m#337.141#337.416
166	так	так	ADV	_	Degree=Pos	_	_	_	@mn1985m-words#@mn1985m#346.033#346.516
167	так	так	ADV	_	Degree=Pos	_	_	_	@mn1985m-words#@mn1985m#351.694#352.086
168	так	так	ADV	_	Degree=Pos	_	_	_	@mn1985m-words#@mn1985m#353.64#353.812
169	мы	мы	PRON	_	Case=Nom|Number=Plur|Person=1	_	_	_	@mn1985m-words#@mn1985m#368.211#368.582
170	знаем	знать	VERB	_	Aspect=Imp|Mood=Ind|Number=Plur|Person=1|Tense=Pres|VerbForm=Fin|Voice=Act	_	_	_	@mn1985m-words#@mn1985m#368.582#368.954
171	так	так	ADV	_	Degree=Pos	_	_	_	@mn1985m-words#@mn1985m#379.957#380.245
172	так	так	ADV	_	Degree=Pos	_	_	_	@mn1985m-words#@mn1985m#390.042#390.186
173	да	да	PART	_	_	_	_	_	@mn1985m-words#@mn1985m#401.932#402.169
174	вообще/	вообще/	PUNCT	_	_	_	_	_	@mn1985m-words#@mn1985m#407.506#407.819
175	к	к	ADP	_	_	_	_	_	@mn1985m-words#@mn1985m#407.819#408.132
176	лайфстайлу	лайфстайл	NOUN	_	Animacy=Inan|Case=Dat|Gender=Masc|Number=Sing	_	_	_	@mn1985m-words#@mn1985m#408.132#408.445
177	к	к	ADP	_	_	_	_	_	@mn1985m-words#@mn1985m#408.445#408.758
178	образу	образ	NOUN	_	Animacy=Inan|Case=Dat|Gender=Masc|Number=Sing	_	_	_	@mn1985m-words#@mn1985m#408.758#409.071
179	жизни	жизнь	NOUN	_	Animacy=Inan|Case=Gen|Gender=Fem|Number=Sing	_	_	_	@mn1985m-words#@mn1985m#409.071#409.389
180	нет/	нет/	PUNCT	_	_	_	_	_	@mn1985m-words#@mn1985m#443.5#443.666
181	ему	он	PRON	_	Case=Dat|Gender=Masc|Number=Sing|Person=3	_	_	_	@mn1985m-words#@mn1985m#443.666#443.832
182	ещ...	ещ...	PROPN	_	Animacy=Anim|Case=Dat|Gender=Masc|Number=Sing	_	_	_	@mn1985m-words#@mn1985m#443.832#444.0
183	слушайте	слушать	VERB	_	Aspect=Imp|Mood=Imp|Number=Plur|Person=2|VerbForm=Fin|Voice=Act	_	_	_	@mn1985m-words#@mn1985m#451.199#451.437
184	девчата	девчата	NOUN	_	Animacy=Anim|Case=Acc|Gender=Masc|Number=Sing	_	_	_	@mn1985m-words#@mn1985m#451.437#451.675
185	это	это	PRON	_	Animacy=Inan|Case=Acc|Gender=Neut|Number=Sing	_	_	_	@mn1985m-words#@mn1985m#451.675#451.913
186	еще	еще	ADV	_	Degree=Pos	_	_	_	@mn1985m-words#@mn1985m#451.913#452.151
187	тяжелее	тяжелый	ADV	_	Degree=Cmp	_	_	_	@mn1985m-words#@mn1985m#452.151#452.389
188	вы	вы	PRON	_	Case=Nom|Number=Plur|Person=2	_	_	_	@mn1985m-words#@mn1985m#452.389#452.627
189	же	же	PART	_	_	_	_	_	@mn1985m-words#@mn1985m#452.627#452.865
190	сказали	сказать	VERB	_	Aspect=Perf|Mood=Ind|Number=Plur|Tense=Past|VerbForm=Fin|Voice=Act	_	_	_	@mn1985m-words#@mn1985m#452.865#453.103
191	ну	ну	PART	_	_	_	_	_	@mn1985m-words#@mn1985m#453.103#453.341
192	он	он	PRON	_	Case=Nom|Gender=Masc|Number=Sing|Person=3	_	_	_	@mn1985m-words#@mn1985m#453.341#453.579
193	же	же	PART	_	_	_	_	_	@mn1985m-words#@mn1985m#453.579#453.817
194	не	не	PART	_	_	_	_	_	@mn1985m-words#@mn1985m#453.817#454.055
195	пять	пять	NUM	_	Case=Acc	_	_	_	@mn1985m-words#@mn1985m#454.055#454.293
196	два	два	NUM	_	Animacy=Inan|Case=Acc|Gender=Masc	_	_	_	@mn1985m-words#@mn1985m#454.293#454.531
197	работает/	работает/	PUNCT	_	_	_	_	_	@mn1985m-words#@mn1985m#454.531#454.769
198	да	да	CCONJ	_	_	_	_	_	@mn1985m-words#@mn1985m#454.769#455.007
199	это	это	PRON	_	Animacy=Inan|Case=Nom|Gender=Neut|Number=Sing	_	_	_	@mn1985m-words#@mn1985m#455.007#455.245
200	ещ...	ещ...	PROPN	_	Animacy=Anim|Case=Nom|Gender=Masc|Number=Sing	_	_	_	@mn1985m-words#@mn1985m#455.245#455.483
201	да	да	PART	_	_	_	_	_	@mn1985m-words#@mn1985m#455.483#455.721
202	это	это	PRON	_	Animacy=Inan|Case=Nom|Gender=Neut|Number=Sing	_	_	_	@mn1985m-words#@mn1985m#455.721#455.959
203	еще	еще	ADV	_	Degree=Pos	_	_	_	@mn1985m-words#@mn1985m#455.959#456.197
204	тяжелее	тяжелый	ADJ	_	Degree=Cmp	_	_	_	@mn1985m-words#@mn1985m#456.197#456.435
205	когда	когда	SCONJ	_	_	_	_	_	@mn1985m-words#@mn1985m#456.435#456.673
206	человек	человек	NOUN	_	Animacy=Anim|Case=Nom|Gender=Masc|Number=Sing	_	_	_	@mn1985m-words#@mn1985m#456.673#456.933
207	это	это	PRON	_	Animacy=Inan|Case=Nom|Gender=Neut|Number=Sing	_	_	_	@mn1985m-words#@mn1985m#458.715#459.215
208	вообще	вообще	ADV	_	Degree=Pos	_	_	_	@mn1985m-words#@mn1985m#459.215#459.715
209	так	так	ADV	_	Degree=Pos	_	_	_	@mn1985m-words#@mn1985m#474.636#475.045
210	мы	мы	PRON	_	Case=Nom|Number=Plur|Person=1	_	_	_	@mn1985m-words#@mn1985m#506.75#507.083
211	этого	это	PRON	_	Animacy=Inan|Case=Gen|Gender=Neut|Number=Sing	_	_	_	@mn1985m-words#@mn1985m#507.083#507.416
212	коснемся	коснуться	VERB	_	Aspect=Imp|Mood=Ind|Number=Plur|Person=1|Tense=Pres|VerbForm=Fin|Voice=Mid	_	_	_	@mn1985m-words#@mn1985m#507.416#507.75
213	да	да	PART	_	_	_	_	_	lk1990f-words#@lk1990f#287.983#288.206
214	//	//	PUNCT	_	_	_	_	_	lk1990f-words#@lk1990f#288.206#288.429
215	#смеется#	#смеется#	NOUN	_	Animacy=Inan|Case=Gen|Gender=Fem|Number=Sing	_	_	_	lk1990f-words#@lk1990f#288.429#288.652
216	здравствуйте	здравствовать	VERB	_	Aspect=Imp|Mood=Imp|Number=Plur|Person=2|VerbForm=Fin|Voice=Act	_	_	_	lk1990f-words#@lk1990f#288.652#288.875
217	пожалуйста	пожалуйста	ADV	_	Degree=Pos	_	_	_	lk1990f-words#@lk1990f#288.875#289.1
218	здравствуйте	здравствовать	VERB	_	Aspect=Imp|Mood=Imp|Number=Plur|Person=2|VerbForm=Fin|Voice=Act	_	_	_	lk1990f-words#@lk1990f#295.659#296.511
219	пожалуйста	пожалуйста	ADV	_	Degree=Pos	_	_	_	lk1990f-words#@lk1990f#296.511#297.363
220	#смеется#	#смеется#	NOUN	_	Animacy=Inan|Case=Gen|Gender=Fem|Number=Sing	_	_	_	lk1990f-words#@lk1990f#297.727#298.352
221	да	да	CCONJ	_	_	_	_	_	lk1990f-words#@lk1990f#299.125#299.376
222	пожалуйста	пожалуйста	ADV	_	Degree=Pos	_	_	_	lk1990f-words#@lk1990f#299.376#299.627
223	пожалуйста	пожалуйста	ADV	_	Degree=Pos	_	_	_	lk1990f-words#@lk1990f#299.627#299.878
224	что	что	SCONJ	_	_	_	_	_	lk1990f-words#@lk1990f#299.878#300.129
225	у	у	ADP	_	_	_	_	_	lk1990f-words#@lk1990f#300.129#300.38
226	тебя	ты	PRON	_	Case=Gen|Number=Sing|Person=2	_	_	_	lk1990f-words#@lk1990f#300.38#300.631
227	было	быть	AUX	_	Aspect=Imp|Gender=Neut|Mood=Ind|Number=Sing|Tense=Past|VerbForm=Fin|Voice=Act	_	_	_	lk1990f-words#@lk1990f#300.631#300.882
228	в	в	ADP	_	_	_	_	_	lk1990f-words#@lk1990f#300.882#301.133
229	детстве?	детстве?	SYM	_	_	_	_	_	lk1990f-words#@lk1990f#301.133#301.389
230	#смеется#	#смеется#	NOUN	_	Animacy=Inan|Case=Gen|Gender=Fem|Number=Sing	_	_	_	lk1990f-words#@lk1990f#311.54#312.54
231	женский	женский	ADJ	_	Case=Nom|Degree=Pos|Gender=Masc|Number=Sing	_	_	_	lk1990f-words#@lk1990f#314.933#315.266
232	пол	пол	NUM	_	_	_	_	_	lk1990f-words#@lk1990f#315.266#315.599
233	женский	женский	ADJ	_	Case=Nom|Degree=Pos|Gender=Masc|Number=Sing	_	_	_	lk1990f-words#@lk1990f#315.599#315.933
234	я	я	PRON	_	Case=Nom|Number=Sing|Person=1	_	_	_	lk1990f-words#@lk1990f#322.435#322.665
235	тебе	ты	PRON	_	Case=Dat|Number=Sing|Person=2	_	_	_	lk1990f-words#@lk1990f#322.665#322.895
236	сказала	сказать	VERB	_	Aspect=Perf|Gender=Fem|Mood=Ind|Number=Sing|Tense=Past|VerbForm=Fin|Voice=Act	_	_	_	lk1990f-words#@lk1990f#322.895#323.125
237	что	что	PRON	_	Case=Acc	_	_	_	lk1990f-words#@lk1990f#323.125#323.355
238	замуж	замуж	ADV	_	Degree=Pos	_	_	_	lk1990f-words#@lk1990f#323.355#323.585
239	вышла	выйти	VERB	_	Aspect=Perf|Gender=Fem|Mood=Ind|Number=Sing|Tense=Past|VerbForm=Fin|Voice=Act	_	_	_	lk1990f-words#@lk1990f#323.585#323.818
240	#смеется#	#смеется#	NOUN	_	Animacy=Inan|Case=Gen|Gender=Fem|Number=Sing	_	_	_	lk1990f-words#@lk1990f#325.86#326.195
241	а	а	CCONJ	_	_	_	_	_	lk1990f-words#@lk1990f#326.195#326.53
242	вопрос	вопрос	NOUN	_	Animacy=Inan|Case=Nom|Gender=Masc|Number=Sing	_	_	_	lk1990f-words#@lk1990f#326.53#326.865
243	твой	твой	DET	_	Case=Nom|Gender=Masc|Number=Sing	_	_	_	lk1990f-words#@lk1990f#326.865#327.2
244	в	в	ADP	_	_	_	_	_	lk1990f-words#@lk1990f#327.2#327.535
245	чем?	чем?	PUNCT	_	_	_	_	_	lk1990f-words#@lk1990f#327.535#327.87
246	что	что	SCONJ	_	_	_	_	_	lk1990f-words#@lk1990f#327.87#328.205
247	вот	вот	PART	_	_	_	_	_	lk1990f-words#@lk1990f#328.205#328.54
248	[нрзб]	[нрзб]	PUNCT	_	_	_	_	_	lk1990f-words#@lk1990f#328.54#328.88
249	а	а	CCONJ	_	_	_	_	_	lk1990f-words#@lk1990f#329.462#329.666
250	все	все	PRON	_	Animacy=Inan|Case=Nom|Gender=Neut|Number=Sing	_	_	_	lk1990f-words#@lk1990f#329.666#329.87
251	пока	пока	ADV	_	Degree=Pos	_	_	_	lk1990f-words#@lk1990f#329.87#330.075
252	продолжаем	продолжать	VERB	_	Aspect=Imp|Mood=Ind|Number=Plur|Person=1|Tense=Pres|VerbForm=Fin|Voice=Act	_	_	_	lk1990f-words#@lk1990f#330.715#331.151
253	#смеется#	#смеется#	NOUN	_	Animacy=Inan|Case=Gen|Gender=Fem|Number=Sing	_	_	_	lk1990f-words#@lk1990f#334.464#334.934
254	/	/	PUNCT	_	_	_	_	_	lk1990f-words#@lk1990f#334.934#335.404
255	вопросов	вопрос	NOUN	_	Animacy=Inan|Case=Gen|Gender=Masc|Number=Plur	_	_	_	lk1990f-words#@lk1990f#335.404#335.875
256	слушай	слушать	VERB	_	Aspect=Imp|Mood=Imp|Number=Sing|Person=2|VerbForm=Fin|Voice=Act	_	_	_	lk1990f-words#@lk1990f#337.411#337.718
257	кстати	кстати	ADV	_	Degree=Pos	_	_	_	lk1990f-words#@lk1990f#337.718#338.025
258	а	а	CCONJ	_	_	_	_	_	lk1990f-words#@lk1990f#338.025#338.332
259	ты	ты	PRON	_	Case=Nom|Number=Sing|Person=2	_	_	_	lk1990f-words#@lk1990f#338.332#338.639
260	знаешь	знать	VERB	_	Aspect=Imp|Mood=Ind|Number=Sing|Person=2|Tense=Pres|VerbForm=Fin|Voice=Act	_	_	_	lk1990f-words#@lk1990f#338.639#338.946
261	вот	вот	PART	_	_	_	_	_	lk1990f-words#@lk1990f#338.946#339.253
262	такая	такой	DET	_	Case=Nom|Gender=Fem|Number=Sing	_	_	_	lk1990f-words#@lk1990f#339.253#339.56
263	фишка	фишка	NOUN	_	Animacy=Inan|Case=Nom|Gender=Fem|Number=Sing	_	_	_	lk1990f-words#@lk1990f#339.56#339.867
264	есть	быть	VERB	_	Aspect=Imp|Mood=Ind|Number=Sing|Person=3|Tense=Pres|VerbForm=Fin|Voice=Act	_	_	_	lk1990f-words#@lk1990f#339.867#340.174
265	что	что	SCONJ	_	_	_	_	_	lk1990f-words#@lk1990f#340.174#340.481
266	многие	много	NUM	_	_	_	_	_	lk1990f-words#@lk1990f#340.481#340.788
267	аа	а	NOUN	_	Animacy=Inan|Case=Gen|Gender=Masc|Number=Sing	_	_	_	lk1990f-words#@lk1990f#340.788#341.095
268	знаменитые	знаменитый	ADJ	_	Case=Nom|Degree=Pos|Number=Plur	_	_	_	lk1990f-words#@lk1990f#341.095#341.402
269	люди	человек	NOUN	_	Animacy=Anim|Case=Nom|Gender=Masc|Number=Plur	_	_	_	lk1990f-words#@lk1990f#341.402#341.709
270	аа	ао	NOUN	_	Animacy=Inan|Case=Gen|Gender=Masc|Number=Sing	_	_	_	lk1990f-words#@lk1990f#341.709#342.016
271	скрывают	скрывать	VERB	_	Aspect=Imp|Mood=Ind|Number=Plur|Person=3|Tense=Pres|VerbForm=Fin|Voice=Act	_	_	_	lk1990f-words#@lk1990f#342.016#342.323
272	свой	свой	DET	_	Case=Acc|Gender=Masc|Number=Sing	_	_	_	lk1990f-words#@lk1990f#342.323#342.63
273	статус	статус	NOUN	_	Animacy=Inan|Case=Acc|Gender=Masc|Number=Sing	_	_	_	lk1990f-words#@lk1990f#342.63#342.937
274	вообще	вообще	ADV	_	Degree=Pos	_	_	_	lk1990f-words#@lk1990f#342.937#343.244
275	личный	личный	ADJ	_	Case=Nom|Degree=Pos|Gender=Masc|Number=Sing	_	_	_	lk1990f-words#@lk1990f#343.244#343.551
276	ну	ну	PART	_	_	_	_	_	lk1990f-words#@lk1990f#343.551#343.858
277	чтобы	чтобы	SCONJ	_	Mood=Cnd	_	_	_	lk1990f-words#@lk1990f#343.858#344.165
278	так	так	ADV	_	Degree=Pos	_	_	_	lk1990f-words#@lk1990f#344.165#344.472
279	покло...	покло...	PROPN	_	Animacy=Anim|Case=Dat|Gender=Fem|Number=Sing	_	_	_	lk1990f-words#@lk1990f#344.472#344.779
280	ну	ну	PART	_	_	_	_	_	lk1990f-words#@lk1990f#344.779#345.086
281	особенно	особенно	ADV	_	Degree=Pos	_	_	_	lk1990f-words#@lk1990f#345.086#345.393
282	у	у	ADP	_	_	_	_	_	lk1990f-words#@lk1990f#345.393#345.7
283	мужчин	мужчина	NOUN	_	Animacy=Anim|Case=Gen|Gender=Masc|Number=Plur	_	_	_	lk1990f-words#@lk1990f#345.7#346.007
284	такая	такой	DET	_	Case=Nom|Gender=Fem|Number=Sing	_	_	_	lk1990f-words#@lk1990f#346.007#346.314
285	фишка	фишка	NOUN	_	Animacy=Inan|Case=Nom|Gender=Fem|Number=Sing	_	_	_	lk1990f-words#@lk1990f#346.314#346.621
286	[нрзб]	[нрзб]	PUNCT	_	_	_	_	_	lk1990f-words#@lk1990f#346.621#346.928
287	не	не	PART	_	_	_	_	_	lk1990f-words#@lk1990f#346.928#347.235
288	показывают	показывать	VERB	_	Aspect=Imp|Mood=Ind|Number=Plur|Person=3|Tense=Pres|VerbForm=Fin|Voice=Act	_	_	_	lk1990f-words#@lk1990f#347.235#347.542
289	своих	свой	DET	_	Case=Gen|Number=Plur	_	_	_	lk1990f-words#@lk1990f#347.542#347.849
290	девушек/	девушек/	PUNCT	_	_	_	_	_	lk1990f-words#@lk1990f#347.849#348.156
291	не	не	PART	_	_	_	_	_	lk1990f-words#@lk1990f#348.156#348.463
292	показывают	показывать	VERB	_	Aspect=Imp|Mood=Ind|Number=Plur|Person=3|Tense=Pres|VerbForm=Fin|Voice=Act	_	_	_	lk1990f-words#@lk1990f#348.463#348.77
293	своих	свой	DET	_	Case=Gen|Number=Plur	_	_	_	lk1990f-words#@lk1990f#348.77#349.077
294	жен	жена	NOUN	_	Animacy=Anim|Case=Gen|Gender=Fem|Number=Plur	_	_	_	lk1990f-words#@lk1990f#349.077#349.384
295	не	не	PART	_	_	_	_	_	lk1990f-words#@lk1990f#349.384#349.691
296	рассказывают	рассказывать	VERB	_	Aspect=Imp|Mood=Ind|Number=Plur|Person=3|Tense=Pres|VerbForm=Fin|Voice=Act	_	_	_	lk1990f-words#@lk1990f#349.691#349.998
297	свой	свой	DET	_	Case=Acc|Gender=Masc|Number=Sing	_	_	_	lk1990f-words#@lk1990f#349.998#350.305
298	вот	вот	PART	_	_	_	_	_	lk1990f-words#@lk1990f#350.305#350.612
299	это	это	PRON	_	Animacy=Inan|Case=Nom|Gender=Neut|Number=Sing	_	_	_	lk1990f-words#@lk1990f#350.612#350.919
300	вот/	вот/	PUNCT	_	_	_	_	_	lk1990f-words#@lk1990f#350.919#351.226
301	в	в	ADP	_	_	_	_	_	lk1990f-words#@lk1990f#351.226#351.533
302	активном	активный	ADJ	_	Case=Loc|Degree=Pos|Gender=Masc|Number=Sing	_	_	_	lk1990f-words#@lk1990f#351.533#351.84
303	поиске	поиск	NOUN	_	Animacy=Inan|Case=Loc|Gender=Masc|Number=Sing	_	_	_	lk1990f-words#@lk1990f#351.84#352.147
304	у	у	ADP	_	_	_	_	_	lk1990f-words#@lk1990f#352.147#352.454
305	них	они	PRON	_	Case=Gen|Number=Plur|Person=3	_	_	_	lk1990f-words#@lk1990f#352.454#352.761
306	все	весь	DET	_	Case=Acc|Gender=Neut|Number=Sing	_	_	_	lk1990f-words#@lk1990f#352.761#353.068
307	время	время	NOUN	_	Animacy=Inan|Case=Acc|Gender=Neut|Number=Sing	_	_	_	lk1990f-words#@lk1990f#353.068#353.375
308	статус	статус	NOUN	_	Animacy=Inan|Case=Acc|Gender=Masc|Number=Sing	_	_	_	lk1990f-words#@lk1990f#353.375#353.682
309	чтобы	чтобы	SCONJ	_	Mood=Cnd	_	_	_	lk1990f-words#@lk1990f#353.682#353.989
310	фанатки	фанатка	NOUN	_	Animacy=Inan|Case=Gen|Gender=Fem|Number=Sing	_	_	_	lk1990f-words#@lk1990f#353.989#354.296
311	а	а	CCONJ	_	_	_	_	_	lk1990f-words#@lk1990f#354.296#354.603
312	не	не	PART	_	_	_	_	_	lk1990f-words#@lk1990f#354.603#354.91
313	отпадали	отпадать	VERB	_	Aspect=Imp|Mood=Ind|Number=Plur|Tense=Past|VerbForm=Fin|Voice=Act	_	_	_	lk1990f-words#@lk1990f#354.91#355.217
314	вот	вот	PART	_	_	_	_	_	lk1990f-words#@lk1990f#355.217#355.524
315	у	у	ADP	_	_	_	_	_	lk1990f-words#@lk1990f#355.524#355.831
316	тебя	ты	PRON	_	Case=Gen|Number=Sing|Person=2	_	_	_	lk1990f-words#@lk1990f#355.831#356.138
317	такая	такой	DET	_	Case=Nom|Gender=Fem|Number=Sing	_	_	_	lk1990f-words#@lk1990f#356.138#356.445
318	история	история	NOUN	_	Animacy=Inan|Case=Nom|Gender=Fem|Number=Sing	_	_	_	lk1990f-words#@lk1990f#356.445#356.752
319	была	быть	AUX	_	Aspect=Imp|Gender=Fem|Mood=Ind|Number=Sing|Tense=Past|VerbForm=Fin|Voice=Act	_	_	_	lk1990f-words#@lk1990f#356.752#357.059
320	вообще	вообще	ADV	_	Degree=Pos	_	_	_	lk1990f-words#@lk1990f#357.059#357.366
321	в	в	ADP	_	_	_	_	_	lk1990f-words#@lk1990f#357.366#357.673
322	голове?	голове?	SYM	_	_	_	_	_	lk1990f-words#@lk1990f#357.673#357.98
323	[нрзб]	[нрзб]	PUNCT	_	_	_	_	_	lk1990f-words#@lk1990f#357.98#358.287
324	надо?	надо?	PUNCT	_	_	_	_	_	lk1990f-words#@lk1990f#358.287#358.6
325	а	а	CCONJ	_	_	_	_	_	lk1990f-words#@lk1990f#359.266#359.528
326	все	все	PRON	_	Animacy=Inan|Case=Nom|Gender=Neut|Number=Sing	_	_	_	lk1990f-words#@lk1990f#359.528#359.79
327	понятно	понятный	ADJ	_	Degree=Pos|Gender=Neut|Number=Sing|Variant=Short	_	_	_	lk1990f-words#@lk1990f#359.79#360.052
328	так	так	ADV	_	Degree=Pos	_	_	_	lk1990f-words#@lk1990f#360.052#360.314
329	и	и	PART	_	_	_	_	_	lk1990f-words#@lk1990f#360.314#360.576
330	быть	быть	VERB	_	Aspect=Imp|VerbForm=Inf|Voice=Act	_	_	_	lk1990f-words#@lk1990f#360.576#360.838
331	идея	идея	NOUN	_	Animacy=Inan|Case=Nom|Gender=Fem|Number=Sing	_	_	_	lk1990f-words#@lk1990f#360.838#361.1
332	#смеется#	#смеется#	NOUN	_	Animacy=Inan|Case=Gen|Gender=Fem|Number=Sing	_	_	_	lk1990f-words#@lk1990f#365.171#365.507
333	ммм/	ммм/	PUNCT	_	_	_	_	_	lk1990f-words#@lk1990f#367.458#367.855
334	Саш	Саш	DET	_	Case=Nom|Gender=Masc|Number=Sing	_	_	_	lk1990f-words#@lk1990f#367.855#368.252
335	привет	привать	NOUN	_	Animacy=Inan|Case=Nom|Gender=Masc|Number=Sing	_	_	_	lk1990f-words#@lk1990f#368.252#368.651
336	совместного	совместный	ADJ	_	Case=Gen|Degree=Pos|Gender=Masc|Number=Sing	_	_	_	lk1990f-words#@lk1990f#382.433#383.433
337	пути	путь	NOUN	_	Animacy=Inan|Case=Gen|Gender=Masc|Number=Sing	_	_	_	lk1990f-words#@lk1990f#383.8#384.8
338	#смеется#	#смеется#	NOUN	_	Animacy=Inan|Case=Gen|Gender=Fem|Number=Sing	_	_	_	lk1990f-words#@lk1990f#384.864#385.0
339	угу	уга	NOUN	_	Animacy=Anim|Case=Acc|Gender=Fem|Number=Sing	_	_	_	lk1990f-words#@lk1990f#389.676#389.82
340	как	как	SCONJ	_	_	_	_	_	lk1990f-words#@lk1990f#398.24#398.761
341	саша	сашый	DET	_	Case=Nom|Gender=Fem|Number=Sing	_	_	_	lk1990f-words#@lk1990f#398.761#399.282
342	муж	муж	NOUN	_	Animacy=Anim|Case=Nom|Gender=Masc|Number=Sing	_	_	_	lk1990f-words#@lk1990f#399.282#399.803
343	твой	твой	DET	_	Case=Nom|Gender=Masc|Number=Sing	_	_	_	lk1990f-words#@lk1990f#399.803#400.324
344	уже/	уже/	PUNCT	_	_	_	_	_	lk1990f-words#@lk1990f#400.324#400.845
345	мы	мы	PRON	_	Case=Nom|Number=Plur|Person=1	_	_	_	lk1990f-words#@lk1990f#400.845#401.366
346	вас	вы	PRON	_	Case=Acc|Number=Plur|Person=2	_	_	_	lk1990f-words#@lk1990f#401.366#401.887
347	поздравляем/	поздравляем/	PUNCT	_	_	_	_	_	lk1990f-words#@lk1990f#401.887#402.408
348	я	я	PRON	_	Case=Nom|Number=Sing|Person=1	_	_	_	lk1990f-words#@lk1990f#402.408#402.929
349	поздравляю/	поздравляю/	PUNCT	_	_	_	_	_	lk1990f-words#@lk1990f#402.929#403.45
350	ты	ты	PRON	_	Case=Nom|Number=Sing|Person=2	_	_	_	lk1990f-words#@lk1990f#403.45#403.971
351	нет/а...	нет/а...	PROPN	_	Animacy=Anim|Case=Dat|Gender=Fem|Number=Sing	_	_	_	lk1990f-words#@lk1990f#403.971#404.492
352	относится	относиться	VERB	_	Aspect=Imp|Mood=Ind|Number=Sing|Person=3|Tense=Pres|VerbForm=Fin|Voice=Mid	_	_	_	lk1990f-words#@lk1990f#404.492#405.013
353	к	к	ADP	_	_	_	_	_	lk1990f-words#@lk1990f#405.013#405.534
354	твоим	твой	DET	_	Case=Dat|Number=Plur	_	_	_	lk1990f-words#@lk1990f#405.534#406.055
355	постоянным	постоянный	ADJ	_	Case=Dat|Degree=Pos|Number=Plur	_	_	_	lk1990f-words#@lk1990f#406.055#406.576
356	переездам	переезда	NOUN	_	Animacy=Inan|Case=Dat|Gender=Masc|Number=Plur	_	_	_	lk1990f-words#@lk1990f#406.576#407.097
357	там	там	ADV	_	Degree=Pos	_	_	_	lk1990f-words#@lk1990f#407.097#407.618
358	гастролям/	гастролям/	PUNCT	_	_	_	_	_	lk1990f-words#@lk1990f#407.618#408.139
359	ненормированный	ненормированный	ADJ	_	Case=Nom|Degree=Pos|Gender=Masc|Number=Sing	_	_	_	lk1990f-words#@lk1990f#408.139#408.66
360	да/	да/	PUNCT	_	_	_	_	_	lk1990f-words#@lk1990f#408.66#409.181
361	совсем	совсем	ADV	_	Degree=Pos	_	_	_	lk1990f-words#@lk1990f#409.181#409.702
362	нестандартный	нестандартный	ADJ	_	Case=Nom|Degree=Pos|Gender=Masc|Number=Sing	_	_	_	lk1990f-words#@lk1990f#409.702#410.223
363	образ	образ	NOUN	_	Animacy=Inan|Case=Nom|Gender=Masc|Number=Sing	_	_	_	lk1990f-words#@lk1990f#410.223#410.744
364	жизни	жизнь	NOUN	_	Animacy=Inan|Case=Gen|Gender=Fem|Number=Sing	_	_	_	lk1990f-words#@lk1990f#410.744#411.28
365	или	или	CCONJ	_	_	_	_	_	lk1990f-words#@lk1990f#413.545#413.84
366	он	он	PRON	_	Case=Nom|Gender=Masc|Number=Sing|Person=3	_	_	_	lk1990f-words#@lk1990f#413.84#414.135
367	стобой	стоба	NOUN	_	Animacy=Inan|Case=Ins|Gender=Fem|Number=Sing	_	_	_	lk1990f-words#@lk1990f#414.135#414.43
368	всегда?	всегда?	SYM	_	_	_	_	_	lk1990f-words#@lk1990f#414.43#414.727
369	угу	уга	NOUN	_	Animacy=Anim|Case=Dat|Gender=Masc|Number=Sing	_	_	_	lk1990f-words#@lk1990f#416.974#417.169
370	угу	уга	NOUN	_	Animacy=Inan|Case=Dat|Gender=Masc|Number=Sing	_	_	_	lk1990f-words#@lk1990f#429.652#429.805
371	а	а	CCONJ	_	_	_	_	_	lk1990f-words#@lk1990f#432.413#432.667
372	у	у	ADP	_	_	_	_	_	lk1990f-words#@lk1990f#432.667#432.921
373	Саши	Саша	PROPN	_	Animacy=Anim|Case=Gen|Gender=Fem|Number=Sing	_	_	_	lk1990f-words#@lk1990f#432.921#433.175
374	есть	быть	VERB	_	Aspect=Imp|Mood=Ind|Number=Sing|Person=3|Tense=Pres|VerbForm=Fin|Voice=Act	_	_	_	lk1990f-words#@lk1990f#433.175#433.429
375	режим	режим	NOUN	_	Animacy=Inan|Case=Nom|Gender=Masc|Number=Sing	_	_	_	lk1990f-words#@lk1990f#433.429#433.683
376	то	то	PRON	_	Animacy=Inan|Case=Nom|Gender=Neut|Number=Sing	_	_	_	lk1990f-words#@lk1990f#433.683#433.937
377	есть	быть	VERB	_	Aspect=Imp|Mood=Ind|Number=Sing|Person=3|Tense=Pres|VerbForm=Fin|Voice=Act	_	_	_	lk1990f-words#@lk1990f#433.937#434.191
378	у	у	ADP	_	_	_	_	_	lk1990f-words#@lk1990f#434.191#434.445
379	него	он	PRON	_	Case=Gen|Gender=Masc|Number=Sing|Person=3	_	_	_	lk1990f-words#@lk1990f#434.445#434.699
380	пять	пять	NUM	_	Case=Nom	_	_	_	lk1990f-words#@lk1990f#434.699#434.953
381	два	два	NUM	_	Case=Nom|Gender=Masc	_	_	_	lk1990f-words#@lk1990f#434.953#435.207
382	работа	работа	NOUN	_	Animacy=Anim|Case=Gen|Gender=Masc|Number=Sing	_	_	_	lk1990f-words#@lk1990f#435.207#435.461
383	как	как	ADV	_	Degree=Pos	_	_	_	lk1990f-words#@lk1990f#435.461#435.715
384	или	или	CCONJ	_	_	_	_	_	lk1990f-words#@lk1990f#435.715#435.969
385	или	или	CCONJ	_	_	_	_	_	lk1990f-words#@lk1990f#435.969#436.223
386	он	он	PRON	_	Case=Nom|Gender=Masc|Number=Sing|Person=3	_	_	_	lk1990f-words#@lk1990f#436.223#436.477
387	достаточно	достаточно	ADV	_	Degree=Pos	_	_	_	lk1990f-words#@lk1990f#436.477#436.731
388	свободен	свободный	ADJ	_	Degree=Pos|Gender=Masc|Number=Sing|Variant=Short	_	_	_	lk1990f-words#@lk1990f#436.731#437.0
389	ну	ну	PART	_	_	_	_	_	lk1990f-words#@lk1990f#441.108#441.284
390	то	то	PRON	_	Animacy=Inan|Case=Nom|Gender=Neut|Number=Sing	_	_	_	lk1990f-words#@lk1990f#441.284#441.46
391	есть	быть	VERB	_	Aspect=Imp|Mood=Ind|Number=Sing|Person=3|Tense=Pres|VerbForm=Fin|Voice=Act	_	_	_	lk1990f-words#@lk1990f#441.46#441.636
392	он	он	PRON	_	Case=Nom|Gender=Masc|Number=Sing|Person=3	_	_	_	lk1990f-words#@lk1990f#441.636#441.812
393	может	мочь	VERB	_	Aspect=Imp|Mood=Ind|Number=Sing|Person=3|Tense=Pres|VerbForm=Fin|Voice=Act	_	_	_	lk1990f-words#@lk1990f#441.812#441.988
394	регулировать	регулировать	VERB	_	Aspect=Imp|VerbForm=Inf|Voice=Act	_	_	_	lk1990f-words#@lk1990f#441.988#442.164
395	свое	свой	DET	_	Case=Acc|Gender=Neut|Number=Sing	_	_	_	lk1990f-words#@lk1990f#442.164#442.34
396	время	время	NOUN	_	Animacy=Inan|Case=Acc|Gender=Neut|Number=Sing	_	_	_	lk1990f-words#@lk1990f#442.34#442.521
397	угу	уга	NOUN	_	Animacy=Anim|Case=Dat|Gender=Masc|Number=Sing	_	_	_	lk1990f-words#@lk1990f#446.892#447.165
398	угу	уга	NOUN	_	Animacy=Anim|Case=Dat|Gender=Masc|Number=Sing	_	_	_	lk1990f-words#@lk1990f#447.165#447.937
399	нет	нет	VERB	_	Aspect=Imp|Mood=Ind|Number=Sing|Person=3|Tense=Pres|VerbForm=Fin|Voice=Act	_	_	_	lk1990f-words#@lk1990f#454.301#454.634
400	я	я	PRON	_	Case=Nom|Number=Sing|Person=1	_	_	_	lk1990f-words#@lk1990f#454.634#454.967
401	спрашиваю	спрашивать	VERB	_	Aspect=Imp|Mood=Ind|Number=Sing|Person=1|Tense=Pres|VerbForm=Fin|Voice=Act	_	_	_	lk1990f-words#@lk1990f#454.967#455.301
402	когда	когда	SCONJ	_	_	_	_	_	lk1990f-words#@lk1990f#456.17#456.488
403	ты	ты	PRON	_	Case=Nom|Number=Sing|Person=2	_	_	_	lk1990f-words#@lk1990f#456.488#456.806
404	сам	сам	ADJ	_	Case=Nom|Degree=Pos|Gender=Masc|Number=Sing	_	_	_	lk1990f-words#@lk1990f#456.806#457.124
405	себя	себя	PRON	_	Case=Acc	_	_	_	lk1990f-words#@lk1990f#457.124#457.443
406	угу	уга	NOUN	_	Animacy=Anim|Case=Acc|Gender=Fem|Number=Sing	_	_	_	lk1990f-words#@lk1990f#467.09#467.863
407	а	а	CCONJ	_	_	_	_	_	lk1990f-words#@lk1990f#476.238#476.446
408	ты	ты	PRON	_	Case=Nom|Number=Sing|Person=2	_	_	_	lk1990f-words#@lk1990f#476.446#476.654
409	монтируешь	монтировать	VERB	_	Aspect=Imp|Mood=Ind|Number=Sing|Person=2|Tense=Pres|VerbForm=Fin|Voice=Act	_	_	_	lk1990f-words#@lk1990f#476.654#476.862
410	сама?	сама?	PUNCT	_	_	_	_	_	lk1990f-words#@lk1990f#476.862#477.07
411	ну	ну	PART	_	_	_	_	_	lk1990f-words#@lk1990f#487.717#487.964
412	ты	ты	PRON	_	Case=Nom|Number=Sing|Person=2	_	_	_	lk1990f-words#@lk1990f#487.964#488.211
413	же	же	PART	_	_	_	_	_	lk1990f-words#@lk1990f#488.211#488.458
414	еще	еще	ADV	_	Degree=Pos	_	_	_	lk1990f-words#@lk1990f#488.458#488.705
415	и	и	PART	_	_	_	_	_	lk1990f-words#@lk1990f#488.705#488.952
416	связана	связать	VERB	_	Aspect=Perf|Gender=Fem|Number=Sing|Tense=Past|Variant=Short|VerbForm=Part|Voice=Pass	_	_	_	lk1990f-words#@lk1990f#488.952#489.199
417	так	так	ADV	_	Degree=Pos	_	_	_	lk1990f-words#@lk1990f#489.199#489.446
418	или	или	CCONJ	_	_	_	_	_	lk1990f-words#@lk1990f#489.446#489.693
419	иначе	иначе	ADV	_	Degree=Pos	_	_	_	lk1990f-words#@lk1990f#489.693#489.94
420	с	с	ADP	_	_	_	_	_	lk1990f-words#@lk1990f#489.94#490.187
421	актерской	актерский	ADJ	_	Case=Ins|Degree=Pos|Gender=Fem|Number=Sing	_	_	_	lk1990f-words#@lk1990f#490.187#490.434
422	деятельностью	деятельность	NOUN	_	Animacy=Inan|Case=Ins|Gender=Fem|Number=Sing	_	_	_	lk1990f-words#@lk1990f#490.434#490.681
423	как	как	SCONJ	_	_	_	_	_	lk1990f-words#@lk1990f#490.681#490.928
424	раз	раз	NOUN	_	Animacy=Inan|Case=Acc|Gender=Masc|Number=Sing	_	_	_	lk1990f-words#@lk1990f#490.928#491.175
425	видеоформатом	видеоформат	NOUN	_	Animacy=Inan|Case=Ins|Gender=Masc|Number=Sing	_	_	_	lk1990f-words#@lk1990f#491.175#491.422
426	то	то	PRON	_	Animacy=Inan|Case=Nom|Gender=Neut|Number=Sing	_	_	_	lk1990f-words#@lk1990f#491.422#491.669
427	есть	быть	VERB	_	Aspect=Imp|Mood=Ind|Number=Sing|Person=3|Tense=Pres|VerbForm=Fin|Voice=Act	_	_	_	lk1990f-words#@lk1990f#491.669#491.916
428	ты	ты	PRON	_	Case=Nom|Number=Sing|Person=2	_	_	_	lk1990f-words#@lk1990f#491.916#492.163
429	сидишь	сидеть	VERB	_	Aspect=Imp|Mood=Ind|Number=Sing|Person=2|Tense=Pres|VerbForm=Fin|Voice=Act	_	_	_	lk1990f-words#@lk1990f#492.163#492.41
430	монтируешь	монтировать	VERB	_	Aspect=Imp|Mood=Ind|Number=Sing|Person=2|Tense=Pres|VerbForm=Fin|Voice=Act	_	_	_	lk1990f-words#@lk1990f#492.41#492.657
431	там	там	ADV	_	Degree=Pos	_	_	_	lk1990f-words#@lk1990f#492.657#492.906
432	где-то	где-то	ADV	_	Degree=Pos	_	_	_	lk1990f-words#@lk1990f#493.583#493.841
433	в	в	ADP	_	_	_	_	_	lk1990f-words#@lk1990f#493.841#494.099
434	аймуви	аймувь	NOUN	_	Animacy=Inan|Case=Loc|Gender=Fem|Number=Sing	_	_	_	lk1990f-words#@lk1990f#494.099#494.357
435	или	или	CCONJ	_	_	_	_	_	lk1990f-words#@lk1990f#494.357#494.615
436	ты	ты	PRON	_	Case=Nom|Number=Sing|Person=2	_	_	_	lk1990f-words#@lk1990f#494.615#494.873
437	на	на	ADP	_	_	_	_	_	lk1990f-words#@lk1990f#494.873#495.131
438	компе	комп	NOUN	_	Animacy=Inan|Case=Loc|Gender=Masc|Number=Sing	_	_	_	lk1990f-words#@lk1990f#495.131#495.389
439	сидишь?	сидишь?	PUNCT	_	_	_	_	_	lk1990f-words#@lk1990f#495.389#495.654
440	прикольно	прикольно	ADV	_	Degree=Pos	_	_	_	lk1990f-words#@lk1990f#496.904#497.518
441	#смеется#	#смеется#	NOUN	_	Animacy=Inan|Case=Gen|Gender=Fem|Number=Sing	_	_	_	lk1990f-words#@lk1990f#497.518#498.132
442	и	и	CCONJ	_	_	_	_	_	lk1990f-words#@lk1990f#500.727#501.075
443	ты	ты	PRON	_	Case=Nom|Number=Sing|Person=2	_	_	_	lk1990f-words#@lk1990f#501.075#501.423
444	вообще	вообще	ADV	_	Degree=Pos	_	_	_	lk1990f-words#@lk1990f#501.423#501.772
445	угу	уга	NOUN	_	Animacy=Anim|Case=Dat|Gender=Masc|Number=Sing	_	_	_	lk1990f-words#@lk1990f#506.519#506.701
446	угу	уга	PROPN	_	Animacy=Anim|Case=Dat|Gender=Masc|Number=Sing	_	_	_	lk1990f-words#@lk1990f#512.909#513.318
447	надо	надо	ADV	_	Degree=Pos	_	_	_	lk1990f-words#@lk1990f#519.8#520.166
448	замуж	замуж	ADV	_	Degree=Pos	_	_	_	lk1990f-words#@lk1990f#520.166#520.532
449	выйти	выйти	VERB	_	Aspect=Perf|VerbForm=Inf|Voice=Act	_	_	_	lk1990f-words#@lk1990f#520.532#520.9
450	#смеется#	#смеется#	NOUN	_	Animacy=Inan|Case=Gen|Gender=Fem|Number=Sing	_	_	_	lk1990f-words#@lk1990f#521.65#523.059
451	ну	ну	PART	_	_	_	_	_	lk1990f-words#@lk1990f#527.227#527.666
452	да	да	PART	_	_	_	_	_	lk1990f-words#@lk1990f#527.666#528.105
453	понятно	понятный	ADJ	_	Degree=Pos|Gender=Neut|Number=Sing|Variant=Short	_	_	_	lk1990f-words#@lk1990f#528.105#528.545
454	уже	уже	ADV	_	Degree=Pos	_	_	_	lk1990f-words#@lk1990f#537.479#537.711
455	владеешь	владеть	VERB	_	Aspect=Imp|Mood=Ind|Number=Sing|Person=2|Tense=Pres|VerbForm=Fin|Voice=Act	_	_	_	lk1990f-words#@lk1990f#537.711#537.944
456	ну	ну	PART	_	_	_	_	_	lk1990f-words#@lk1990f#540.454#540.908
457	понятно	понятный	ADJ	_	Degree=Pos|Gender=Neut|Number=Sing|Variant=Short	_	_	_	lk1990f-words#@lk1990f#540.908#541.363
458	а/	а/	PUNCT	_	_	_	_	_	@amg1995f-words#@amg1995f#294.62#294.884
459	[нрзб]/	[нрзб]/	PUNCT	_	_	_	_	_	@amg1995f-words#@amg1995f#294.884#295.148
460	еще	еще	ADV	_	Degree=Pos	_	_	_	@amg1995f-words#@amg1995f#295.148#295.412
461	раз	раз	NOUN	_	Animacy=Inan|Case=Acc|Gender=Masc|Number=Sing	_	_	_	@amg1995f-words#@amg1995f#295.412#295.676
462	здравствуйте	здравствовать	VERB	_	Aspect=Imp|Mood=Imp|Number=Plur|Person=2|VerbForm=Fin|Voice=Act	_	_	_	@amg1995f-words#@amg1995f#295.676#295.94
463	хх...	хх...	PROPN	_	Animacy=Anim|Case=Dat|Gender=Fem|Number=Sing	_	_	_	@amg1995f-words#@amg1995f#298.914#299.454
464	нет	нет	VERB	_	Aspect=Imp|Mood=Ind|Number=Sing|Person=3|Tense=Pres|VerbForm=Fin|Voice=Act	_	_	_	@amg1995f-words#@amg1995f#315.925#316.731
465	да	да	PART	_	_	_	_	_	@amg1995f-words#@amg1995f#322.5#323.165
466	вы	вы	PRON	_	Case=Nom|Number=Plur|Person=2	_	_	_	@amg1995f-words#@amg1995f#323.165#323.83
467	что!	что!	PUNCT	_	_	_	_	_	@amg1995f-words#@amg1995f#323.83#324.495
468	ну	ну	PART	_	_	_	_	_	@amg1995f-words#@amg1995f#324.495#325.16
469	не	не	PART	_	_	_	_	_	@amg1995f-words#@amg1995f#325.16#325.825
470	расстраивайтесь/	расстраивайтесь/	PUNCT	_	_	_	_	_	@amg1995f-words#@amg1995f#325.825#326.49
471	не	не	PART	_	_	_	_	_	@amg1995f-words#@amg1995f#326.49#327.155
472	расстраивайтесь	расстраиваться	VERB	_	Aspect=Imp|Mood=Imp|Number=Plur|Person=2|VerbForm=Fin|Voice=Mid	_	_	_	@amg1995f-words#@amg1995f#327.155#327.82
473	почему?	почему?	SYM	_	_	_	_	_	@amg1995f-words#@amg1995f#334.75#335.864
474	#смеется#	#смеется#	NOUN	_	Animacy=Inan|Case=Gen|Gender=Fem|Number=Sing	_	_	_	@amg1995f-words#@amg1995f#335.864#336.978
475	ага	ага	NOUN	_	Animacy=Inan|Case=Gen|Gender=Masc|Number=Sing	_	_	_	@amg1995f-words#@amg1995f#341.333#341.395
476	[нрзб]	[нрзб]	PUNCT	_	_	_	_	_	@amg1995f-words#@amg1995f#346.622#347.836
477	думаю/	думаю/	PUNCT	_	_	_	_	_	@amg1995f-words#@amg1995f#347.836#349.05
478	#одновременно#	#одновременно#	NOUN	_	Animacy=Inan|Case=Gen|Gender=Fem|Number=Sing	_	_	_	@amg1995f-words#@amg1995f#349.05#350.264
479	только	только	PART	_	_	_	_	_	@amg1995f-words#@amg1995f#358.093#358.447
480	что	что	SCONJ	_	_	_	_	_	@amg1995f-words#@amg1995f#358.447#358.801
481	#смеется#	#смеется#	NOUN	_	Animacy=Inan|Case=Gen|Gender=Fem|Number=Sing	_	_	_	@amg1995f-words#@amg1995f#358.801#359.156
482	на	на	ADP	_	_	_	_	_	@amg1995f-words#@amg1995f#361.2#361.778
483	самом	самый	ADJ	_	Case=Loc|Degree=Pos|Gender=Neut|Number=Sing	_	_	_	@amg1995f-words#@amg1995f#361.778#362.357
484	деле	дело	NOUN	_	Animacy=Inan|Case=Loc|Gender=Neut|Number=Sing	_	_	_	@amg1995f-words#@amg1995f#362.357#362.935
485	а	а	CCONJ	_	_	_	_	_	@amg1995f-words#@amg1995f#362.935#363.514
486	какой	какой	DET	_	Case=Ins|Gender=Fem|Number=Sing	_	_	_	@amg1995f-words#@amg1995f#363.514#364.092
487	кошмар!	кошмар!	PUNCT	_	_	_	_	_	@amg1995f-words#@amg1995f#364.092#364.671
488	все	все	DET	_	Case=Nom|Number=Plur	_	_	_	@amg1995f-words#@amg1995f#364.671#365.25
489	Саша	Саша	PROPN	_	_	_	_	_	@amg1995f-words#@amg1995f#365.582#366.027
490	прости	простить	VERB	_	Aspect=Perf|Mood=Imp|Number=Sing|Person=2|VerbForm=Fin|Voice=Act	_	_	_	@amg1995f-words#@amg1995f#366.027#366.472
491	это	это	PRON	_	Animacy=Inan|Case=Nom|Gender=Neut|Number=Sing	_	_	_	@amg1995f-words#@amg1995f#366.472#366.917
492	мой	мой	DET	_	Case=Nom|Gender=Masc|Number=Sing	_	_	_	@amg1995f-words#@amg1995f#366.917#367.362
493	муж/	муж/	PUNCT	_	_	_	_	_	@amg1995f-words#@amg1995f#367.362#367.807
494	эээ	эээ	X	_	Foreign=Yes	_	_	_	@amg1995f-words#@amg1995f#367.807#368.253
495	Саша	Саша	PROPN	_	_	_	_	_	@amg1995f-words#@amg1995f#368.99#369.431
496	привет	привет	NOUN	_	Animacy=Inan|Case=Acc|Gender=Masc|Number=Sing	_	_	_	@amg1995f-words#@amg1995f#369.431#369.872
497	#смеется#/	#смеется#/	PUNCT	_	_	_	_	_	@amg1995f-words#@amg1995f#369.872#370.313
498	я	я	PRON	_	Case=Nom|Number=Sing|Person=1	_	_	_	@amg1995f-words#@amg1995f#370.313#370.755
499	в	в	ADP	_	_	_	_	_	@amg1995f-words#@amg1995f#370.755#371.196
500	шоке	шок	NOUN	_	Animacy=Inan|Case=Loc|Gender=Masc|Number=Sing	_	_	_	@amg1995f-words#@amg1995f#371.196#371.637
501	просто	просто	PART	_	_	_	_	_	@amg1995f-words#@amg1995f#371.637#372.078
502	я	я	PRON	_	Case=Nom|Number=Sing|Person=1	_	_	_	@amg1995f-words#@amg1995f#372.078#372.52
503	в	в	ADP	_	_	_	_	_	@amg1995f-words#@amg1995f#372.52#372.961
504	какой-то	какой-то	DET	_	Case=Loc|Gender=Fem|Number=Sing	_	_	_	@amg1995f-words#@amg1995f#372.961#373.402
505	степени	степень	NOUN	_	Animacy=Inan|Case=Loc|Gender=Fem|Number=Sing	_	_	_	@amg1995f-words#@amg1995f#373.402#373.844
506	блин	блин	NOUN	_	Animacy=Anim|Case=Nom|Gender=Masc|Number=Sing	_	_	_	@amg1995f-words#@amg1995f#374.566#374.933
507	ну	ну	PART	_	_	_	_	_	@amg1995f-words#@amg1995f#374.933#375.301
508	а	а	CCONJ	_	_	_	_	_	@amg1995f-words#@amg1995f#375.301#375.669
509	что	что	PRON	_	Case=Acc	_	_	_	@amg1995f-words#@amg1995f#375.669#376.037
510	я	я	PRON	_	Case=Nom|Number=Sing|Person=1	_	_	_	@amg1995f-words#@amg1995f#376.037#376.405
511	не	не	PART	_	_	_	_	_	@amg1995f-words#@amg1995f#376.405#376.773
512	человек/	человек/	PUNCT	_	_	_	_	_	@amg1995f-words#@amg1995f#376.773#377.141
513	я	я	PRON	_	Case=Nom|Number=Sing|Person=1	_	_	_	@amg1995f-words#@amg1995f#377.141#377.509
514	не	не	PART	_	_	_	_	_	@amg1995f-words#@amg1995f#377.509#377.877
515	знаю	знать	VERB	_	Aspect=Imp|Mood=Ind|Number=Sing|Person=1|Tense=Pres|VerbForm=Fin|Voice=Act	_	_	_	@amg1995f-words#@amg1995f#377.877#378.245
516	как	как	ADV	_	Degree=Pos	_	_	_	@amg1995f-words#@amg1995f#378.245#378.613
517	бы	бы	PART	_	_	_	_	_	@amg1995f-words#@amg1995f#378.613#378.981
518	ну	ну	PART	_	_	_	_	_	@amg1995f-words#@amg1995f#378.981#379.348
519	по	по	ADP	_	_	_	_	_	@amg1995f-words#@amg1995f#379.348#379.716
520	идее	идея	NOUN	_	Animacy=Inan|Case=Dat|Gender=Fem|Number=Sing	_	_	_	@amg1995f-words#@amg1995f#379.716#380.084
521	надо	надо	ADV	_	Degree=Pos	_	_	_	@amg1995f-words#@amg1995f#380.084#380.452
522	уже	уже	ADV	_	Degree=Pos	_	_	_	@amg1995f-words#@amg1995f#380.452#380.82
523	было	быть	AUX	_	Aspect=Imp|Gender=Neut|Mood=Ind|Number=Sing|Tense=Past|VerbForm=Fin|Voice=Act	_	_	_	@amg1995f-words#@amg1995f#380.82#381.188
524	выходить	выходить	VERB	_	Aspect=Imp|VerbForm=Inf|Voice=Act	_	_	_	@amg1995f-words#@amg1995f#381.188#381.556
525	замуж	замуж	ADV	_	Degree=Pos	_	_	_	@amg1995f-words#@amg1995f#381.556#381.924
526	все-таки	все-таки	PART	_	_	_	_	_	@amg1995f-words#@amg1995f#381.924#382.292
527	четыре	четыре	NUM	_	Animacy=Inan|Case=Acc	_	_	_	@amg1995f-words#@amg1995f#382.292#382.66
528	четыре	четыре	NUM	_	Animacy=Inan|Case=Acc	_	_	_	@amg1995f-words#@amg1995f#382.66#383.028
529	года/	года/	PUNCT	_	_	_	_	_	@amg1995f-words#@amg1995f#383.028#383.396
530	вместе/	вместе/	PUNCT	_	_	_	_	_	@amg1995f-words#@amg1995f#383.396#383.764
531	да/	да/	PUNCT	_	_	_	_	_	@amg1995f-words#@amg1995f#383.764#384.131
532	и	и	CCONJ	_	_	_	_	_	@amg1995f-words#@amg1995f#384.131#384.499
533	мы	мы	PRON	_	Case=Nom|Number=Plur|Person=1	_	_	_	@amg1995f-words#@amg1995f#384.499#384.867
534	просто	просто	PART	_	_	_	_	_	@amg1995f-words#@amg1995f#384.867#385.235
535	как	как	SCONJ	_	_	_	_	_	@amg1995f-words#@amg1995f#385.235#385.603
536	две	два	NUM	_	Animacy=Inan|Case=Acc|Gender=Fem	_	_	_	@amg1995f-words#@amg1995f#385.603#385.971
537	половинки	половинка	NOUN	_	Animacy=Inan|Case=Gen|Gender=Fem|Number=Sing	_	_	_	@amg1995f-words#@amg1995f#385.971#386.339
538	одного	один	NUM	_	Case=Gen|Gender=Masc	_	_	_	@amg1995f-words#@amg1995f#386.339#386.707
539	целого	целое	ADJ	_	Case=Gen|Degree=Pos|Gender=Masc|Number=Sing	_	_	_	@amg1995f-words#@amg1995f#386.707#387.075
540	мы	мы	PRON	_	Case=Nom|Number=Plur|Person=1	_	_	_	@amg1995f-words#@amg1995f#387.075#387.443
541	очень	очень	ADV	_	Degree=Pos	_	_	_	@amg1995f-words#@amg1995f#387.443#387.811
542	похожи	похожий	ADJ	_	Degree=Pos|Number=Plur|Variant=Short	_	_	_	@amg1995f-words#@amg1995f#387.811#388.179
543	что	что	SCONJ	_	_	_	_	_	@amg1995f-words#@amg1995f#388.179#388.547
544	внешне	внешне	ADV	_	Degree=Pos	_	_	_	@amg1995f-words#@amg1995f#388.547#388.914
545	что	что	PRON	_	Case=Nom	_	_	_	@amg1995f-words#@amg1995f#388.914#389.282
546	внутренне	внутренне	ADV	_	Degree=Pos	_	_	_	@amg1995f-words#@amg1995f#389.282#389.65
547	а	а	CCONJ	_	_	_	_	_	@amg1995f-words#@amg1995f#389.65#390.018
548	иногда	иногда	ADV	_	Degree=Pos	_	_	_	@amg1995f-words#@amg1995f#390.018#390.386
549	кажется	казаться	VERB	_	Aspect=Imp|Mood=Ind|Number=Sing|Person=3|Tense=Pres|VerbForm=Fin|Voice=Mid	_	_	_	@amg1995f-words#@amg1995f#390.386#390.754
550	что	что	SCONJ	_	_	_	_	_	@amg1995f-words#@amg1995f#390.754#391.122
551	мы	мы	PRON	_	Case=Nom|Number=Plur|Person=1	_	_	_	@amg1995f-words#@amg1995f#391.122#391.49
552	сиамские	сиамский	ADJ	_	Case=Nom|Degree=Pos|Number=Plur	_	_	_	@amg1995f-words#@amg1995f#391.49#391.858
553	близнецы	близнец	NOUN	_	Animacy=Anim|Case=Nom|Gender=Masc|Number=Plur	_	_	_	@amg1995f-words#@amg1995f#391.858#392.226
554	или	или	CCONJ	_	_	_	_	_	@amg1995f-words#@amg1995f#392.226#392.594
555	как	как	SCONJ	_	_	_	_	_	@amg1995f-words#@amg1995f#392.594#392.962
556	брат	брат	NOUN	_	Animacy=Anim|Case=Nom|Gender=Masc|Number=Sing	_	_	_	@amg1995f-words#@amg1995f#392.962#393.33
557	с	с	ADP	_	_	_	_	_	@amg1995f-words#@amg1995f#393.33#393.697
558	сестрой/	сестрой/	PUNCT	_	_	_	_	_	@amg1995f-words#@amg1995f#393.697#394.065
559	и	и	CCONJ	_	_	_	_	_	@amg1995f-words#@amg1995f#394.065#394.433
560	поэтому	поэтому	ADV	_	Degree=Pos	_	_	_	@amg1995f-words#@amg1995f#394.433#394.801
561	нам	мы	PRON	_	Case=Dat|Number=Plur|Person=1	_	_	_	@amg1995f-words#@amg1995f#394.801#395.169
562	настолько	настолько	ADV	_	Degree=Pos	_	_	_	@amg1995f-words#@amg1995f#395.169#395.537
563	м	метр	NOUN	_	Animacy=Inan|Case=Acc|Gender=Masc|Number=Sing	_	_	_	@amg1995f-words#@amg1995f#395.537#395.905
564	легко	легкий	ADJ	_	Degree=Pos|Gender=Neut|Number=Sing|Variant=Short	_	_	_	@amg1995f-words#@amg1995f#395.905#396.273
565	и	и	CCONJ	_	_	_	_	_	@amg1995f-words#@amg1995f#396.273#396.641
566	просто	просто	PART	_	_	_	_	_	@amg1995f-words#@amg1995f#396.641#397.009
567	то	то	PRON	_	Animacy=Inan|Case=Nom|Gender=Neut|Number=Sing	_	_	_	@amg1995f-words#@amg1995f#397.009#397.377
568	есть	быть	VERB	_	Aspect=Imp|Mood=Ind|Number=Sing|Person=3|Tense=Pres|VerbForm=Fin|Voice=Act	_	_	_	@amg1995f-words#@amg1995f#397.377#397.745
569	вместе	вместе	ADV	_	Degree=Pos	_	_	_	@amg1995f-words#@amg1995f#397.745#398.113
570	да/	да/	PUNCT	_	_	_	_	_	@amg1995f-words#@amg1995f#412.0#412.332
571	как	как	ADV	_	Degree=Pos	_	_	_	@amg1995f-words#@amg1995f#412.332#412.665
572	сказать	сказать	VERB	_	Aspect=Perf|VerbForm=Inf|Voice=Act	_	_	_	@amg1995f-words#@amg1995f#412.665#412.997
573	с	с	ADP	_	_	_	_	_	@amg1995f-words#@amg1995f#412.997#413.33
574	одной	один	NUM	_	Case=Gen|Gender=Fem	_	_	_	@amg1995f-words#@amg1995f#413.33#413.662
575	стороны	сторона	NOUN	_	Animacy=Inan|Case=Gen|Gender=Fem|Number=Sing	_	_	_	@amg1995f-words#@amg1995f#413.662#413.995
576	он/	он/	PUNCT	_	_	_	_	_	@amg1995f-words#@amg1995f#413.995#414.327
577	нет	нет	VERB	_	Aspect=Imp|Mood=Ind|Number=Sing|Person=3|Tense=Pres|VerbForm=Fin|Voice=Act	_	_	_	@amg1995f-words#@amg1995f#414.327#414.66
578	у	у	ADP	_	_	_	_	_	@amg1995f-words#@amg1995f#414.66#414.992
579	него	он	PRON	_	Case=Gen|Gender=Masc|Number=Sing|Person=3	_	_	_	@amg1995f-words#@amg1995f#414.992#415.325
580	очень	очень	ADV	_	Degree=Pos	_	_	_	@amg1995f-words#@amg1995f#415.325#415.657
581	много	много	ADV	_	Degree=Pos	_	_	_	@amg1995f-words#@amg1995f#415.657#415.99
582	работы	работа	NOUN	_	Animacy=Inan|Case=Gen|Gender=Fem|Number=Sing	_	_	_	@amg1995f-words#@amg1995f#415.99#416.322
583	поэтому	поэтому	ADV	_	Degree=Pos	_	_	_	@amg1995f-words#@amg1995f#416.322#416.655
584	он	он	PRON	_	Case=Nom|Gender=Masc|Number=Sing|Person=3	_	_	_	@amg1995f-words#@amg1995f#416.655#416.987
585	тоже	тоже	PART	_	_	_	_	_	@amg1995f-words#@amg1995f#416.987#417.32
586	старается	стараться	VERB	_	Aspect=Imp|Mood=Ind|Number=Sing|Person=3|Tense=Pres|VerbForm=Fin|Voice=Mid	_	_	_	@amg1995f-words#@amg1995f#417.32#417.652
587	все-таки	все-таки	PART	_	_	_	_	_	@amg1995f-words#@amg1995f#417.652#417.985
588	становиться	становиться	VERB	_	Aspect=Imp|VerbForm=Inf|Voice=Mid	_	_	_	@amg1995f-words#@amg1995f#417.985#418.317
589	на	на	ADP	_	_	_	_	_	@amg1995f-words#@amg1995f#418.317#418.65
590	ноги	нога	NOUN	_	Animacy=Inan|Case=Acc|Gender=Fem|Number=Plur	_	_	_	@amg1995f-words#@amg1995f#418.65#418.982
591	у	у	ADP	_	_	_	_	_	@amg1995f-words#@amg1995f#418.982#419.315
592	нас	мы	PRON	_	Case=Gen|Number=Plur|Person=1	_	_	_	@amg1995f-words#@amg1995f#419.315#419.647
593	такой	такой	DET	_	Case=Nom|Gender=Masc|Number=Sing	_	_	_	@amg1995f-words#@amg1995f#419.647#419.98
594	период	период	NOUN	_	Animacy=Inan|Case=Nom|Gender=Masc|Number=Sing	_	_	_	@amg1995f-words#@amg1995f#419.98#420.312
595	взросления	взросление	NOUN	_	Animacy=Inan|Case=Gen|Gender=Neut|Number=Sing	_	_	_	@amg1995f-words#@amg1995f#420.312#420.645
596	становления	становление	NOUN	_	Animacy=Inan|Case=Gen|Gender=Neut|Number=Sing	_	_	_	@amg1995f-words#@amg1995f#420.645#420.977
597	сейчас/	сейчас/	PUNCT	_	_	_	_	_	@amg1995f-words#@amg1995f#420.977#421.31
598	но	но	CCONJ	_	_	_	_	_	@amg1995f-words#@amg1995f#421.31#421.642
599	я	я	PRON	_	Case=Nom|Number=Sing|Person=1	_	_	_	@amg1995f-words#@amg1995f#421.642#421.975
600	последнее	последний	ADJ	_	Case=Acc|Degree=Pos|Gender=Neut|Number=Sing	_	_	_	@amg1995f-words#@amg1995f#421.975#422.307
601	время	время	NOUN	_	Animacy=Inan|Case=Acc|Gender=Neut|Number=Sing	_	_	_	@amg1995f-words#@amg1995f#422.307#422.64
602	реально	реально	ADV	_	Degree=Pos	_	_	_	@amg1995f-words#@amg1995f#422.64#422.972
603	не	не	PART	_	_	_	_	_	@amg1995f-words#@amg1995f#422.972#423.305
604	могу	мочь	VERB	_	Aspect=Imp|Mood=Ind|Number=Sing|Person=1|Tense=Pres|VerbForm=Fin|Voice=Act	_	_	_	@amg1995f-words#@amg1995f#423.305#423.637
605	без	без	ADP	_	_	_	_	_	@amg1995f-words#@amg1995f#423.637#423.97
606	него	он	PRON	_	Case=Gen|Gender=Masc|Number=Sing|Person=3	_	_	_	@amg1995f-words#@amg1995f#423.97#424.302
607	мотаться	мотать	VERB	_	Aspect=Imp|VerbForm=Inf|Voice=Mid	_	_	_	@amg1995f-words#@amg1995f#424.302#424.635
608	куда-то	куда-то	ADV	_	Degree=Pos	_	_	_	@amg1995f-words#@amg1995f#424.635#424.967
609	я	я	PRON	_	Case=Nom|Number=Sing|Person=1	_	_	_	@amg1995f-words#@amg1995f#424.967#425.3
610	всегда	всегда	ADV	_	Degree=Pos	_	_	_	@amg1995f-words#@amg1995f#425.3#425.632
611	его	он	PRON	_	Case=Acc|Gender=Masc|Number=Sing|Person=3	_	_	_	@amg1995f-words#@amg1995f#425.632#425.965
612	беру	брать	VERB	_	Aspect=Imp|Mood=Ind|Number=Sing|Person=1|Tense=Pres|VerbForm=Fin|Voice=Act	_	_	_	@amg1995f-words#@amg1995f#425.965#426.297
613	с	с	ADP	_	_	_	_	_	@amg1995f-words#@amg1995f#426.297#426.63
614	собой/	собой/	PUNCT	_	_	_	_	_	@amg1995f-words#@amg1995f#426.63#426.962
615	даже	даже	PART	_	_	_	_	_	@amg1995f-words#@amg1995f#426.962#427.295
616	если	если	SCONJ	_	_	_	_	_	@amg1995f-words#@amg1995f#427.295#427.627
617	он	он	PRON	_	Case=Nom|Gender=Masc|Number=Sing|Person=3	_	_	_	@amg1995f-words#@amg1995f#427.627#427.96
618	сильно	сильно	ADV	_	Degree=Pos	_	_	_	@amg1995f-words#@amg1995f#427.96#428.292
619	сопротивляется	сопротивляться	VERB	_	Aspect=Imp|Mood=Ind|Number=Sing|Person=3|Tense=Pres|VerbForm=Fin|Voice=Mid	_	_	_	@amg1995f-words#@amg1995f#428.292#428.625
620	и	и	CCONJ	_	_	_	_	_	@amg1995f-words#@amg1995f#428.625#428.957
621	говорит	говорить	VERB	_	Aspect=Imp|Mood=Ind|Number=Sing|Person=3|Tense=Pres|VerbForm=Fin|Voice=Act	_	_	_	@amg1995f-words#@amg1995f#428.957#429.29
622	что	что	SCONJ	_	_	_	_	_	@amg1995f-words#@amg1995f#429.29#429.622
623	у	у	ADP	_	_	_	_	_	@amg1995f-words#@amg1995f#429.622#429.955
624	меня	я	PRON	_	Case=Gen|Number=Sing|Person=1	_	_	_	@amg1995f-words#@amg1995f#429.955#430.287
625	работа/	работа/	PUNCT	_	_	_	_	_	@amg1995f-words#@amg1995f#430.287#430.62
626	но	но	CCONJ	_	_	_	_	_	@amg1995f-words#@amg1995f#430.62#430.952
627	это	это	PRON	_	Animacy=Inan|Case=Nom|Gender=Neut|Number=Sing	_	_	_	@amg1995f-words#@amg1995f#430.952#431.285
628	но/	но/	PUNCT	_	_	_	_	_	@amg1995f-words#@amg1995f#431.285#431.617
629	я	я	PRON	_	Case=Nom|Number=Sing|Person=1	_	_	_	@amg1995f-words#@amg1995f#431.617#431.95
630	стараюсь	стараться	VERB	_	Aspect=Imp|Mood=Ind|Number=Sing|Person=1|Tense=Pres|VerbForm=Fin|Voice=Mid	_	_	_	@amg1995f-words#@amg1995f#431.95#432.283
631	н...	н...	PROPN	_	Animacy=Anim|Case=Dat|Gender=Fem|Number=Sing	_	_	_	@amg1995f-words#@amg1995f#434.718#435.209
632	нет/	нет/	PUNCT	_	_	_	_	_	@amg1995f-words#@amg1995f#435.209#435.7
633	как	как	SCONJ	_	_	_	_	_	@amg1995f-words#@amg1995f#435.7#436.191
634	бы/	бы/	PUNCT	_	_	_	_	_	@amg1995f-words#@amg1995f#436.191#436.682
635	Саша	Саша	PROPN	_	_	_	_	_	@amg1995f-words#@amg1995f#436.682#437.173
636	нене	нена	PROPN	_	Animacy=Anim|Case=Dat|Gender=Fem|Number=Sing	_	_	_	@amg1995f-words#@amg1995f#437.173#437.664
637	Саша	Саша	PROPN	_	_	_	_	_	@amg1995f-words#@amg1995f#437.664#438.155
638	нене	нена	PROPN	_	Animacy=Anim|Case=Dat|Gender=Fem|Number=Sing	_	_	_	@amg1995f-words#@amg1995f#438.155#438.646
639	подчиненный	подчинить	VERB	_	Animacy=Inan|Aspect=Perf|Case=Acc|Gender=Masc|Number=Sing|Tense=Past|VerbForm=Part|Voice=Pass	_	_	_	@amg1995f-words#@amg1995f#438.646#439.137
640	поэтому	поэтому	ADV	_	Degree=Pos	_	_	_	@amg1995f-words#@amg1995f#439.137#439.628
641	ему	он	PRON	_	Case=Dat|Gender=Masc|Number=Sing|Person=3	_	_	_	@amg1995f-words#@amg1995f#439.628#440.119
642	наверное	наверное	ADV	_	Degree=Pos	_	_	_	@amg1995f-words#@amg1995f#440.119#440.61
643	чуть	чуть	ADV	_	Degree=Pos	_	_	_	@amg1995f-words#@amg1995f#440.61#441.101
644	попроще	просто	ADV	_	Degree=Cmp	_	_	_	@amg1995f-words#@amg1995f#441.101#441.593
645	он	он	PRON	_	Case=Nom|Gender=Masc|Number=Sing|Person=3	_	_	_	@amg1995f-words#@amg1995f#442.5#442.797
646	может	мочь	VERB	_	Aspect=Imp|Mood=Ind|Number=Sing|Person=3|Tense=Pres|VerbForm=Fin|Voice=Act	_	_	_	@amg1995f-words#@amg1995f#442.797#443.094
647	регулировать	регулировать	VERB	_	Aspect=Imp|VerbForm=Inf|Voice=Act	_	_	_	@amg1995f-words#@amg1995f#443.094#443.392
648	и	и	PART	_	_	_	_	_	@amg1995f-words#@amg1995f#443.392#443.689
649	он	он	PRON	_	Case=Nom|Gender=Masc|Number=Sing|Person=3	_	_	_	@amg1995f-words#@amg1995f#443.689#443.987
650	может	мочь	VERB	_	Aspect=Imp|Mood=Ind|Number=Sing|Person=3|Tense=Pres|VerbForm=Fin|Voice=Act	_	_	_	@amg1995f-words#@amg1995f#443.987#444.284
651	в	в	ADP	_	_	_	_	_	@amg1995f-words#@amg1995f#444.284#444.581
652	принципе	принцип	NOUN	_	Animacy=Inan|Case=Loc|Gender=Masc|Number=Sing	_	_	_	@amg1995f-words#@amg1995f#444.581#444.879
653	и	и	CCONJ	_	_	_	_	_	@amg1995f-words#@amg1995f#444.879#445.176
654	на	на	ADP	_	_	_	_	_	@amg1995f-words#@amg1995f#445.176#445.474
655	расстоянии	расстояние	NOUN	_	Animacy=Inan|Case=Loc|Gender=Neut|Number=Sing	_	_	_	@amg1995f-words#@amg1995f#445.474#445.771
656	как	как	ADV	_	Degree=Pos	_	_	_	@amg1995f-words#@amg1995f#445.771#446.068
657	бы	бы	PART	_	_	_	_	_	@amg1995f-words#@amg1995f#446.068#446.366
658	какими-то	какой-то	DET	_	Case=Ins|Number=Plur	_	_	_	@amg1995f-words#@amg1995f#446.366#446.663
659	делами	дело	NOUN	_	Animacy=Inan|Case=Ins|Gender=Neut|Number=Plur	_	_	_	@amg1995f-words#@amg1995f#446.663#446.961
660	заниматься/	заниматься/	PUNCT	_	_	_	_	_	@amg1995f-words#@amg1995f#446.961#447.258
661	ну	ну	PART	_	_	_	_	_	@amg1995f-words#@amg1995f#447.258#447.556
662	конечно	конечно	ADV	_	Degree=Pos	_	_	_	@amg1995f-words#@amg1995f#447.556#447.853
663	ему	он	PRON	_	Case=Dat|Gender=Masc|Number=Sing|Person=3	_	_	_	@amg1995f-words#@amg1995f#447.853#448.15
664	важно	важный	ADJ	_	Degree=Pos|Gender=Neut|Number=Sing|Variant=Short	_	_	_	@amg1995f-words#@amg1995f#448.15#448.448
665	все	все	PART	_	_	_	_	_	@amg1995f-words#@amg1995f#448.448#448.745
666	контролировать	контролировать	VERB	_	Aspect=Imp|VerbForm=Inf|Voice=Act	_	_	_	@amg1995f-words#@amg1995f#448.745#449.043
667	потому	потому	ADV	_	Degree=Pos	_	_	_	@amg1995f-words#@amg1995f#449.043#449.34
668	что	что	SCONJ	_	_	_	_	_	@amg1995f-words#@amg1995f#449.34#449.637
669	без	без	ADP	_	_	_	_	_	@amg1995f-words#@amg1995f#449.637#449.935
670	контроля	контроль	NOUN	_	Animacy=Inan|Case=Gen|Gender=Masc|Number=Sing	_	_	_	@amg1995f-words#@amg1995f#449.935#450.232
671	не	не	PART	_	_	_	_	_	@amg1995f-words#@amg1995f#450.232#450.53
672	получается	получаться	VERB	_	Aspect=Imp|Mood=Ind|Number=Sing|Person=3|Tense=Pres|VerbForm=Fin|Voice=Mid	_	_	_	@amg1995f-words#@amg1995f#450.53#450.827
673	так	так	ADV	_	Degree=Pos	_	_	_	@amg1995f-words#@amg1995f#450.827#451.125
674	потому	потому	ADV	_	Degree=Pos	_	_	_	@amg1995f-words#@amg1995f#457.323#457.592
675	что	что	SCONJ	_	_	_	_	_	@amg1995f-words#@amg1995f#457.592#457.861
676	он	он	PRON	_	Case=Nom|Gender=Masc|Number=Sing|Person=3	_	_	_	@amg1995f-words#@amg1995f#457.861#458.131
677	может	мочь	VERB	_	Aspect=Imp|Mood=Ind|Number=Sing|Person=3|Tense=Pres|VerbForm=Fin|Voice=Act	_	_	_	@amg1995f-words#@amg1995f#458.131#458.4
678	в	в	ADP	_	_	_	_	_	@amg1995f-words#@amg1995f#458.4#458.669
679	любое	любой	DET	_	Case=Acc|Gender=Neut|Number=Sing	_	_	_	@amg1995f-words#@amg1995f#458.669#458.939
680	время	время	NOUN	_	Animacy=Inan|Case=Acc|Gender=Neut|Number=Sing	_	_	_	@amg1995f-words#@amg1995f#458.939#459.208
681	сорваться	сорваться	VERB	_	Aspect=Perf|VerbForm=Inf|Voice=Mid	_	_	_	@amg1995f-words#@amg1995f#459.208#459.478
682	и	и	CCONJ	_	_	_	_	_	@amg1995f-words#@amg1995f#460.104#460.505
683	все/	все/	PUNCT	_	_	_	_	_	@amg1995f-words#@amg1995f#460.505#460.907
684	но	но	CCONJ	_	_	_	_	_	@amg1995f-words#@amg1995f#460.907#461.308
685	как	как	ADV	_	Degree=Pos	_	_	_	@amg1995f-words#@amg1995f#461.308#461.71
686	бы	бы	PART	_	_	_	_	_	@amg1995f-words#@amg1995f#461.71#462.111
687	я	я	PRON	_	Case=Nom|Number=Sing|Person=1	_	_	_	@amg1995f-words#@amg1995f#462.111#462.513
688	стараюсь	стараться	VERB	_	Aspect=Imp|Mood=Ind|Number=Sing|Person=1|Tense=Pres|VerbForm=Fin|Voice=Mid	_	_	_	@amg1995f-words#@amg1995f#462.513#462.914
689	иногда	иногда	ADV	_	Degree=Pos	_	_	_	@amg1995f-words#@amg1995f#462.914#463.316
690	так	так	ADV	_	Degree=Pos	_	_	_	@amg1995f-words#@amg1995f#463.316#463.717
691	чтобы	чтобы	SCONJ	_	Mood=Cnd	_	_	_	@amg1995f-words#@amg1995f#463.717#464.119
692	какую-то	какой-то	DET	_	Case=Acc|Gender=Fem|Number=Sing	_	_	_	@amg1995f-words#@amg1995f#464.119#464.52
693	часть	часть	NOUN	_	Animacy=Inan|Case=Acc|Gender=Fem|Number=Sing	_	_	_	@amg1995f-words#@amg1995f#464.52#464.922
694	времени	время	NOUN	_	Animacy=Inan|Case=Gen|Gender=Neut|Number=Sing	_	_	_	@amg1995f-words#@amg1995f#464.922#465.323
695	он	он	PRON	_	Case=Nom|Gender=Masc|Number=Sing|Person=3	_	_	_	@amg1995f-words#@amg1995f#465.323#465.725
696	со	с	ADP	_	_	_	_	_	@amg1995f-words#@amg1995f#465.725#466.126
697	мной	я	PRON	_	Case=Ins|Number=Sing|Person=1	_	_	_	@amg1995f-words#@amg1995f#466.126#466.528
698	какую-то	какой-то	DET	_	Case=Acc|Gender=Fem|Number=Sing	_	_	_	@amg1995f-words#@amg1995f#466.528#466.929
699	часть	часть	NOUN	_	Animacy=Inan|Case=Acc|Gender=Fem|Number=Sing	_	_	_	@amg1995f-words#@amg1995f#466.929#467.331
700	времени	время	NOUN	_	Animacy=Inan|Case=Gen|Gender=Neut|Number=Sing	_	_	_	@amg1995f-words#@amg1995f#467.331#467.732
701	я	я	PRON	_	Case=Nom|Number=Sing|Person=1	_	_	_	@amg1995f-words#@amg1995f#467.732#468.134
702	ему	он	PRON	_	Case=Dat|Gender=Masc|Number=Sing|Person=3	_	_	_	@amg1995f-words#@amg1995f#468.134#468.535
703	тоже	тоже	PART	_	_	_	_	_	@amg1995f-words#@amg1995f#468.535#468.937
704	помогаю/	помогаю/	PUNCT	_	_	_	_	_	@amg1995f-words#@amg1995f#468.937#469.338
705	вот/	вот/	PUNCT	_	_	_	_	_	@amg1995f-words#@amg1995f#469.338#469.74
706	чем	чем	SCONJ	_	_	_	_	_	@amg1995f-words#@amg1995f#469.74#470.141
707	могу/	могу/	PUNCT	_	_	_	_	_	@amg1995f-words#@amg1995f#470.141#470.543
708	стараюсь	стараться	VERB	_	Aspect=Imp|Mood=Ind|Number=Sing|Person=1|Tense=Pres|VerbForm=Fin|Voice=Mid	_	_	_	@amg1995f-words#@amg1995f#470.543#470.944
709	всем	все	PRON	_	Animacy=Anim|Case=Dat|Number=Plur	_	_	_	@amg1995f-words#@amg1995f#470.944#471.346
710	но	но	CCONJ	_	_	_	_	_	@amg1995f-words#@amg1995f#471.346#471.747
711	по...	по...	PROPN	_	Animacy=Anim|Case=Dat|Gender=Fem|Number=Sing	_	_	_	@amg1995f-words#@amg1995f#471.747#472.149
712	понемножку	понемножку	ADV	_	Degree=Pos	_	_	_	@amg1995f-words#@amg1995f#472.149#472.55
713	он	он	PRON	_	Case=Nom|Gender=Masc|Number=Sing|Person=3	_	_	_	@amg1995f-words#@amg1995f#472.55#472.952
714	меня	я	PRON	_	Case=Acc|Number=Sing|Person=1	_	_	_	@amg1995f-words#@amg1995f#472.952#473.353
715	часто	часто	ADV	_	Degree=Pos	_	_	_	@amg1995f-words#@amg1995f#473.353#473.755
716	просит	просить	VERB	_	Aspect=Imp|Mood=Ind|Number=Sing|Person=3|Tense=Pres|VerbForm=Fin|Voice=Act	_	_	_	@amg1995f-words#@amg1995f#473.755#474.156
717	какие-нибудь	какой-нибудь	DET	_	Case=Acc|Number=Plur	_	_	_	@amg1995f-words#@amg1995f#474.156#474.558
718	видосы	видос	NOUN	_	Animacy=Inan|Case=Acc|Gender=Fem|Number=Plur	_	_	_	@amg1995f-words#@amg1995f#474.558#474.959
719	смонтировать/	смонтировать/	PUNCT	_	_	_	_	_	@amg1995f-words#@amg1995f#474.959#475.361
720	для	для	ADP	_	_	_	_	_	@amg1995f-words#@amg1995f#475.361#475.762
721	компании	компания	NOUN	_	Animacy=Inan|Case=Gen|Gender=Fem|Number=Sing	_	_	_	@amg1995f-words#@amg1995f#475.762#476.164
722	а	а	CCONJ	_	_	_	_	_	@amg1995f-words#@amg1995f#477.066#477.495
723	я	я	PRON	_	Case=Nom|Number=Sing|Person=1	_	_	_	@amg1995f-words#@amg1995f#477.495#477.924
724	могу	мочь	VERB	_	Aspect=Imp|Mood=Ind|Number=Sing|Person=1|Tense=Pres|VerbForm=Fin|Voice=Act	_	_	_	@amg1995f-words#@amg1995f#477.924#478.353
725	монтировать	монтировать	VERB	_	Aspect=Perf|VerbForm=Inf|Voice=Act	_	_	_	@amg1995f-words#@amg1995f#478.353#478.783
726	все	все	PRON	_	Animacy=Inan|Case=Acc|Gender=Neut|Number=Sing	_	_	_	@amg1995f-words#@amg1995f#478.783#479.212
727	все	весь	DET	_	Case=Acc|Gender=Neut|Number=Sing	_	_	_	@amg1995f-words#@amg1995f#479.212#479.641
728	все	весь	PRON	_	Animacy=Inan|Case=Acc|Gender=Neut|Number=Sing	_	_	_	@amg1995f-words#@amg1995f#479.641#480.071
729	что	что	PRON	_	Case=Nom	_	_	_	@amg1995f-words#@amg1995f#480.071#480.5
730	нужно	нужный	ADJ	_	Degree=Pos|Gender=Neut|Number=Sing|Variant=Short	_	_	_	@amg1995f-words#@amg1995f#480.5#480.929
731	как	как	ADV	_	Degree=Pos	_	_	_	@amg1995f-words#@amg1995f#480.929#481.359
732	бы	бы	PART	_	_	_	_	_	@amg1995f-words#@amg1995f#481.359#481.788
733	я	я	PRON	_	Case=Nom|Number=Sing|Person=1	_	_	_	@amg1995f-words#@amg1995f#481.788#482.217
734	т..творческими	т..творческий	ADJ	_	Case=Ins|Degree=Pos|Number=Plur	_	_	_	@amg1995f-words#@amg1995f#482.217#482.647
735	м...моментами	м...момент	NOUN	_	Animacy=Inan|Case=Ins|Gender=Masc|Number=Plur	_	_	_	@amg1995f-words#@amg1995f#482.647#483.076
736	занимаюсь	заниматься	VERB	_	Aspect=Imp|Mood=Ind|Number=Sing|Person=1|Tense=Pres|VerbForm=Fin|Voice=Mid	_	_	_	@amg1995f-words#@amg1995f#483.076#483.505
737	раскруткой/	раскруткой/	PUNCT	_	_	_	_	_	@amg1995f-words#@amg1995f#483.505#483.935
738	придумываю	придумывать	VERB	_	Aspect=Imp|Mood=Ind|Number=Sing|Person=1|Tense=Pres|VerbForm=Fin|Voice=Act	_	_	_	@amg1995f-words#@amg1995f#483.935#484.364
739	ему	он	PRON	_	Case=Dat|Gender=Masc|Number=Sing|Person=3	_	_	_	@amg1995f-words#@amg1995f#484.364#484.793
740	и	и	CCONJ	_	_	_	_	_	@amg1995f-words#@amg1995f#484.793#485.223
741	собственно	собственно	ADV	_	Degree=Pos	_	_	_	@amg1995f-words#@amg1995f#485.223#485.652
742	говоря	говорить	VERB	_	Aspect=Imp|Tense=Pres|VerbForm=Conv|Voice=Act	_	_	_	@amg1995f-words#@amg1995f#485.652#486.081
743	как-то	как-то	ADV	_	Degree=Pos	_	_	_	@amg1995f-words#@amg1995f#486.081#486.511
744	так	так	ADV	_	Degree=Pos	_	_	_	@amg1995f-words#@amg1995f#486.511#486.94
745	мы	мы	PRON	_	Case=Nom|Number=Plur|Person=1	_	_	_	@amg1995f-words#@amg1995f#486.94#487.369
746	ладим	ладить	VERB	_	Aspect=Imp|Mood=Ind|Number=Plur|Person=1|Tense=Pres|VerbForm=Fin|Voice=Act	_	_	_	@amg1995f-words#@amg1995f#487.369#487.799
747	естественно	естественно	ADV	_	Degree=Pos	_	_	_	@amg1995f-words#@amg1995f#490.379#491.551
748	да	да	PART	_	_	_	_	_	@amg1995f-words#@amg1995f#493.005#493.302
749	мне	я	PRON	_	Case=Dat|Number=Sing|Person=1	_	_	_	@amg1995f-words#@amg1995f#493.302#493.6
750	это	это	PRON	_	Animacy=Inan|Case=Nom|Gender=Neut|Number=Sing	_	_	_	@amg1995f-words#@amg1995f#493.6#493.898
751	[нрзб]	[нрзб]	PUNCT	_	_	_	_	_	@amg1995f-words#@amg1995f#493.898#494.196
752	ммм	мм	NOUN	_	Animacy=Inan|Case=Nom|Gender=Masc|Number=Sing	_	_	_	@amg1995f-words#@amg1995f#494.196#494.494
753	ммм	мм	NOUN	_	Animacy=Inan|Case=Gen|Gender=Masc|Number=Sing	_	_	_	@amg1995f-words#@amg1995f#494.494#494.791
754	мне/	мне/	PUNCT	_	_	_	_	_	@amg1995f-words#@amg1995f#494.791#495.089
755	и	и	CCONJ	_	_	_	_	_	@amg1995f-words#@amg1995f#495.089#495.387
756	на	на	ADP	_	_	_	_	_	@amg1995f-words#@amg1995f#495.387#495.685
757	компе	комп	NOUN	_	Animacy=Inan|Case=Loc|Gender=Masc|Number=Sing	_	_	_	@amg1995f-words#@amg1995f#495.685#495.983
758	и	и	CCONJ	_	_	_	_	_	@amg1995f-words#@amg1995f#495.983#496.28
759	на	на	ADP	_	_	_	_	_	@amg1995f-words#@amg1995f#496.28#496.578
760	короче/	короче/	PUNCT	_	_	_	_	_	@amg1995f-words#@amg1995f#496.578#496.876
761	что	что	PRON	_	Case=Nom	_	_	_	@amg1995f-words#@amg1995f#496.876#497.174
762	мне	я	PRON	_	Case=Dat|Number=Sing|Person=1	_	_	_	@amg1995f-words#@amg1995f#497.174#497.472
763	под	под	ADP	_	_	_	_	_	@amg1995f-words#@amg1995f#497.472#497.769
764	руку	рука	NOUN	_	Animacy=Inan|Case=Acc|Gender=Fem|Number=Sing	_	_	_	@amg1995f-words#@amg1995f#497.769#498.067
765	попадается	попадать	VERB	_	Aspect=Imp|Mood=Ind|Number=Sing|Person=3|Tense=Pres|VerbForm=Fin|Voice=Mid	_	_	_	@amg1995f-words#@amg1995f#498.067#498.365
766	у	у	ADP	_	_	_	_	_	@amg1995f-words#@amg1995f#498.365#498.663
767	меня	я	PRON	_	Case=Gen|Number=Sing|Person=1	_	_	_	@amg1995f-words#@amg1995f#498.663#498.961
768	сто	сто	NUM	_	Case=Nom	_	_	_	@amg1995f-words#@amg1995f#498.961#499.258
769	пятьдесят	пятьдесят	NUM	_	Case=Nom	_	_	_	@amg1995f-words#@amg1995f#499.258#499.556
770	приложений	приложение	NOUN	_	Animacy=Inan|Case=Gen|Gender=Neut|Number=Plur	_	_	_	@amg1995f-words#@amg1995f#499.556#499.854
771	для	для	ADP	_	_	_	_	_	@amg1995f-words#@amg1995f#499.854#500.152
772	этого	это	PRON	_	Animacy=Inan|Case=Gen|Gender=Neut|Number=Sing	_	_	_	@amg1995f-words#@amg1995f#500.152#500.449
773	и	и	CCONJ	_	_	_	_	_	@amg1995f-words#@amg1995f#500.449#500.747
774	на	на	ADP	_	_	_	_	_	@amg1995f-words#@amg1995f#500.747#501.045
775	компьютере	компьютер	NOUN	_	Animacy=Inan|Case=Loc|Gender=Masc|Number=Sing	_	_	_	@amg1995f-words#@amg1995f#501.045#501.343
776	программ	программа	NOUN	_	Animacy=Inan|Case=Gen|Gender=Fem|Number=Plur	_	_	_	@amg1995f-words#@amg1995f#501.343#501.641
777	очень	очень	ADV	_	Degree=Pos	_	_	_	@amg1995f-words#@amg1995f#501.641#501.939
778	много/	много/	PUNCT	_	_	_	_	_	@amg1995f-words#@amg1995f#501.939#502.236
779	я	я	PRON	_	Case=Nom|Number=Sing|Person=1	_	_	_	@amg1995f-words#@amg1995f#502.236#502.534
780	в...	в...	PROPN	_	Animacy=Anim|Case=Dat|Gender=Fem|Number=Sing	_	_	_	@amg1995f-words#@amg1995f#502.534#502.832
781	когда	когда	SCONJ	_	_	_	_	_	@amg1995f-words#@amg1995f#502.832#503.13
782	училась	учиться	VERB	_	Aspect=Imp|Gender=Fem|Mood=Ind|Number=Sing|Tense=Past|VerbForm=Fin|Voice=Mid	_	_	_	@amg1995f-words#@amg1995f#503.13#503.428
783	во	в	ADP	_	_	_	_	_	@amg1995f-words#@amg1995f#503.428#503.725
784	ВГИКе	ВГИК	PROPN	_	Animacy=Inan|Case=Loc|Gender=Masc|Number=Sing	_	_	_	@amg1995f-words#@amg1995f#503.725#504.023
785	а	а	CCONJ	_	_	_	_	_	@amg1995f-words#@amg1995f#504.023#504.321
786	я/	я/	PUNCT	_	_	_	_	_	@amg1995f-words#@amg1995f#504.321#504.619
787	да	да	PART	_	_	_	_	_	@amg1995f-words#@amg1995f#504.619#504.917
788	я	я	PRON	_	Case=Nom|Number=Sing|Person=1	_	_	_	@amg1995f-words#@amg1995f#504.917#505.214
789	училась	учиться	VERB	_	Aspect=Imp|Gender=Fem|Mood=Ind|Number=Sing|Tense=Past|VerbForm=Fin|Voice=Mid	_	_	_	@amg1995f-words#@amg1995f#505.214#505.512
790	когда-то	когда-то	ADV	_	Degree=Pos	_	_	_	@amg1995f-words#@amg1995f#505.512#505.81
791	во	в	ADP	_	_	_	_	_	@amg1995f-words#@amg1995f#505.81#506.108
792	ВГИКе	ВГИК	PROPN	_	Animacy=Inan|Case=Loc|Gender=Masc|Number=Sing	_	_	_	@amg1995f-words#@amg1995f#506.108#506.406
793	я	я	PRON	_	Case=Nom|Number=Sing|Person=1	_	_	_	@amg1995f-words#@amg1995f#508.608#509.045
794	мечтала	мечтать	VERB	_	Aspect=Imp|Gender=Fem|Mood=Ind|Number=Sing|Tense=Past|VerbForm=Fin|Voice=Act	_	_	_	@amg1995f-words#@amg1995f#509.045#509.482
795	после	после	ADP	_	_	_	_	_	@amg1995f-words#@amg1995f#509.482#509.92
796	актерского	актерский	ADJ	_	Case=Gen|Degree=Pos|Gender=Masc|Number=Sing	_	_	_	@amg1995f-words#@amg1995f#509.92#510.357
797	факультета	факультет	NOUN	_	Animacy=Inan|Case=Gen|Gender=Masc|Number=Sing	_	_	_	@amg1995f-words#@amg1995f#510.357#510.795
798	потом	потом	ADV	_	Degree=Pos	_	_	_	@amg1995f-words#@amg1995f#510.795#511.232
799	окончить	окончить	VERB	_	Aspect=Perf|VerbForm=Inf|Voice=Act	_	_	_	@amg1995f-words#@amg1995f#511.232#511.67
800	режиссерский/	режиссерский/	PUNCT	_	_	_	_	_	@amg1995f-words#@amg1995f#511.67#512.107
801	но	но	CCONJ	_	_	_	_	_	@amg1995f-words#@amg1995f#512.107#512.545
802	как-то	как-то	ADV	_	Degree=Pos	_	_	_	@amg1995f-words#@amg1995f#512.545#512.982
803	на	на	ADP	_	_	_	_	_	@amg1995f-words#@amg1995f#512.982#513.42
804	тот	тот	DET	_	Case=Acc|Gender=Masc|Number=Sing	_	_	_	@amg1995f-words#@amg1995f#513.42#513.857
805	момент	момент	NOUN	_	Animacy=Inan|Case=Acc|Gender=Masc|Number=Sing	_	_	_	@amg1995f-words#@amg1995f#513.857#514.294
806	это	это	PRON	_	Animacy=Inan|Case=Nom|Gender=Neut|Number=Sing	_	_	_	@amg1995f-words#@amg1995f#514.294#514.732
807	все/	все/	PUNCT	_	_	_	_	_	@amg1995f-words#@amg1995f#514.732#515.169
808	почему-то	почему-то	ADV	_	Degree=Pos	_	_	_	@amg1995f-words#@amg1995f#515.169#515.607
809	прошло	пройти	VERB	_	Aspect=Perf|Gender=Neut|Mood=Ind|Number=Sing|Tense=Past|VerbForm=Fin|Voice=Act	_	_	_	@amg1995f-words#@amg1995f#515.607#516.044
810	стороной	сторона	NOUN	_	Animacy=Inan|Case=Ins|Gender=Fem|Number=Sing	_	_	_	@amg1995f-words#@amg1995f#516.044#516.482
811	потому	потому	ADV	_	Degree=Pos	_	_	_	@amg1995f-words#@amg1995f#516.482#516.919
812	что	что	SCONJ	_	_	_	_	_	@amg1995f-words#@amg1995f#516.919#517.357
813	я	я	PRON	_	Case=Nom|Number=Sing|Person=1	_	_	_	@amg1995f-words#@amg1995f#517.357#517.794
814	решила	решить	VERB	_	Aspect=Perf|Gender=Fem|Mood=Ind|Number=Sing|Tense=Past|VerbForm=Fin|Voice=Act	_	_	_	@amg1995f-words#@amg1995f#517.794#518.232
815	что	что	SCONJ	_	_	_	_	_	@amg1995f-words#@amg1995f#518.232#518.669
816	блин/	блин/	PUNCT	_	_	_	_	_	@amg1995f-words#@amg1995f#518.669#519.106
817	надо	надо	ADV	_	Degree=Pos	_	_	_	@amg1995f-words#@amg1995f#519.106#519.544
818	становиться	становиться	VERB	_	Aspect=Imp|VerbForm=Inf|Voice=Mid	_	_	_	@amg1995f-words#@amg1995f#519.544#519.981
819	нет	нет	PART	_	_	_	_	_	@amg1995f-words#@amg1995f#519.981#520.419
820	ненененене/	ненененене/	PUNCT	_	_	_	_	_	@amg1995f-words#@amg1995f#520.419#520.856
821	я	я	PRON	_	Case=Nom|Number=Sing|Person=1	_	_	_	@amg1995f-words#@amg1995f#520.856#521.294
822	ВГИК	ВГИК	PROPN	_	Animacy=Inan|Case=Nom|Gender=Fem|Number=Sing	_	_	_	@amg1995f-words#@amg1995f#521.294#521.731
823	закончила	закончить	VERB	_	Aspect=Perf|Gender=Fem|Mood=Ind|Number=Sing|Tense=Past|VerbForm=Fin|Voice=Act	_	_	_	@amg1995f-words#@amg1995f#521.731#522.169
824	в	в	ADP	_	_	_	_	_	@amg1995f-words#@amg1995f#522.169#522.606
825	девятнадцать	девятнадцать	NUM	_	Case=Acc	_	_	_	@amg1995f-words#@amg1995f#522.606#523.044
826	лет	год	NOUN	_	Animacy=Inan|Case=Gen|Gender=Masc|Number=Plur	_	_	_	@amg1995f-words#@amg1995f#523.044#523.481
827	то	то	PRON	_	Animacy=Inan|Case=Nom|Gender=Neut|Number=Sing	_	_	_	@amg1995f-words#@amg1995f#523.481#523.918
828	есть	быть	VERB	_	Aspect=Imp|Mood=Ind|Number=Sing|Person=3|Tense=Pres|VerbForm=Fin|Voice=Act	_	_	_	@amg1995f-words#@amg1995f#523.918#524.356
829	я	я	PRON	_	Case=Nom|Number=Sing|Person=1	_	_	_	@amg1995f-words#@amg1995f#524.356#524.793
830	еще	еще	ADV	_	Degree=Pos	_	_	_	@amg1995f-words#@amg1995f#524.793#525.231
831	пять	пять	NUM	_	Case=Acc	_	_	_	@amg1995f-words#@amg1995f#525.231#525.668
832	лет	год	NOUN	_	Animacy=Inan|Case=Gen|Gender=Masc|Number=Plur	_	_	_	@amg1995f-words#@amg1995f#525.668#526.106
833	между	между	ADP	_	_	_	_	_	@amg1995f-words#@amg1995f#526.106#526.543
834	прочим	прочее	PRON	_	Animacy=Inan|Case=Ins|Gender=Neut|Number=Sing	_	_	_	@amg1995f-words#@amg1995f#526.543#526.981
835	сидела	сидеть	VERB	_	Aspect=Imp|Gender=Fem|Mood=Ind|Number=Sing|Tense=Past|VerbForm=Fin|Voice=Act	_	_	_	@amg1995f-words#@amg1995f#526.981#527.418
836	и	и	CCONJ	_	_	_	_	_	@amg1995f-words#@amg1995f#527.418#527.856
837	ждала	ждать	VERB	_	Aspect=Imp|Gender=Fem|Mood=Ind|Number=Sing|Tense=Past|VerbForm=Fin|Voice=Act	_	_	_	@amg1995f-words#@amg1995f#527.856#528.293
838	тхм/	тхм/	PUNCT	_	_	_	_	_	@amg1995f-words#@amg1995f#528.293#528.73
839	этой	этот	DET	_	Case=Ins|Gender=Fem|Number=Sing	_	_	_	@amg1995f-words#@amg1995f#528.73#529.168
840	свадьбы/	свадьбы/	PUNCT	_	_	_	_	_	@amg1995f-words#@amg1995f#529.168#529.605
841	просто	просто	PART	_	_	_	_	_	@amg1995f-words#@amg1995f#529.605#530.043
842	подумала	думать	VERB	_	Aspect=Perf|Gender=Fem|Mood=Ind|Number=Sing|Tense=Past|VerbForm=Fin|Voice=Act	_	_	_	@amg1995f-words#@amg1995f#530.043#530.48
843	что	что	PRON	_	Case=Nom	_	_	_	@amg1995f-words#@amg1995f#530.48#530.918
844	наверно	наверно	ADV	_	Degree=Pos	_	_	_	@amg1995f-words#@amg1995f#530.918#531.355
845	в	в	ADP	_	_	_	_	_	@amg1995f-words#@amg1995f#531.355#531.793
846	какой-то	какой-то	DET	_	Case=Acc|Gender=Masc|Number=Sing	_	_	_	@amg1995f-words#@amg1995f#531.793#532.23
847	момент	момент	NOUN	_	Animacy=Inan|Case=Acc|Gender=Masc|Number=Sing	_	_	_	@amg1995f-words#@amg1995f#532.23#532.668
848	нужно	нужный	ADJ	_	Degree=Pos|Gender=Neut|Number=Sing|Variant=Short	_	_	_	@amg1995f-words#@amg1995f#532.668#533.105
849	встать	встать	VERB	_	Aspect=Perf|VerbForm=Inf|Voice=Act	_	_	_	@amg1995f-words#@amg1995f#533.105#533.542
850	на	на	ADP	_	_	_	_	_	@amg1995f-words#@amg1995f#533.542#533.98
851	ноги	нога	NOUN	_	Animacy=Inan|Case=Acc|Gender=Fem|Number=Plur	_	_	_	@amg1995f-words#@amg1995f#533.98#534.417
852	хотя	хотя	PART	_	_	_	_	_	@amg1995f-words#@amg1995f#534.417#534.855
853	бы	бы	PART	_	_	_	_	_	@amg1995f-words#@amg1995f#534.855#535.292
854	в	в	ADP	_	_	_	_	_	@amg1995f-words#@amg1995f#535.292#535.73
855	тех	тот	DET	_	Case=Loc|Number=Plur	_	_	_	@amg1995f-words#@amg1995f#535.73#536.167
856	профессиях	профессия	NOUN	_	Animacy=Inan|Case=Loc|Gender=Fem|Number=Plur	_	_	_	@amg1995f-words#@amg1995f#536.167#536.605
857	которыми	который	PRON	_	Case=Ins	_	_	_	@amg1995f-words#@amg1995f#536.605#537.042
858	я	я	PRON	_	Case=Nom|Number=Sing|Person=1	_	_	_	@amg1995f-words#@amg1995f#537.042#537.48
859	не	не	PART	_	_	_	_	_	@amg1995f-words#@amg1995f#538.007#538.293
860	то	то	PRON	_	Animacy=Inan|Case=Nom|Gender=Neut|Number=Sing	_	_	_	@amg1995f-words#@amg1995f#538.293#538.58
861	чтобы	чтобы	SCONJ	_	Mood=Cnd	_	_	_	@amg1995f-words#@amg1995f#538.58#538.867
862	владею	владеть	NOUN	_	Animacy=Inan|Case=Acc|Gender=Fem|Number=Sing	_	_	_	@amg1995f-words#@amg1995f#538.867#539.153
863	все	все	PRON	_	Animacy=Inan|Case=Acc|Gender=Neut|Number=Sing	_	_	_	@amg1995f-words#@amg1995f#539.153#539.44
864	пытаюсь	пытаться	VERB	_	Aspect=Imp|Mood=Ind|Number=Sing|Person=1|Tense=Pres|VerbForm=Fin|Voice=Mid	_	_	_	@amg1995f-words#@amg1995f#539.44#539.727
865	овладеть	овладеть	VERB	_	Aspect=Perf|VerbForm=Inf|Voice=Act	_	_	_	@amg1995f-words#@amg1995f#539.727#540.014

